Datum;Modell;Ist_Cash_In;Prognose_Cash_In;Ist_Cash_Out;Prognose_Cash_Out;Ist_Netto_Cashflow;Prognose_Netto_Cashflow
2025-07-02;XGBoost;5478,69;59663,64650966761;50079,93;50538,06390931144;-44601,24;9125,582600356174
2025-07-03;XGBoost;205432,21;58027,15530573395;36254,45;43573,20774338631;169177,76;14453,94756234764
2025-07-04;XGBoost;129094,67;59055,40725548254;76121,13;36857,90217462563;52973,54000000001;22197,505080856907
2025-07-05;XGBoost;49826,33;51537,433096512934;15667,29;38855,12526681623;34159,04;12682,307829696707
2025-07-06;XGBoost;6038,18;64349,239205659724;20281,53;34896,6552615403;-14243,35;29452,583944119426
2025-07-07;XGBoost;50735,0;55597,24237703621;29433,49;36705,13284295936;21301,51;18892,109534076844
2025-07-08;XGBoost;33150,35;62333,18874990704;82169,32;37643,38155136075;-49018,97000000001;24689,807198546296
2025-07-02;SARIMA;5478,69;31983,972867279837;50079,93;31576,077351708875;-44601,24;407,89551557096274
2025-07-03;SARIMA;205432,21;31106,696781654144;36254,45;27224,449686798296;169177,76;3882,2470948558475
2025-07-04;SARIMA;129094,67;31657,913215536668;76121,13;23028,74071662383;52973,54000000001;8629,172498912838
2025-07-05;SARIMA;49826,33;27627,742490412908;15667,29;24276,601555946763;34159,04;3351,1409344661442
2025-07-06;SARIMA;6038,18;34495,784974363385;20281,53;21803,35771927532;-14243,35;12692,427255088067
2025-07-07;SARIMA;50735,0;29804,090023136156;29433,49;22933,290755534716;21301,51;6870,79926760144
2025-07-08;SARIMA;33150,35;33415,03803970506;82169,32;23519,506599592103;-49018,97000000001;9895,531440112958
2025-07-09;XGBoost;57440,52;28610,02772708814;61268,08;52658,211505813364;-3827,5599999999977;-24048,183778725223
2025-07-10;XGBoost;9383,85;29970,20487383558;4442,28;45250,34211903384;4941,570000000001;-15280,13724519826
2025-07-11;XGBoost;16021,0;29644,000813271563;47363,57;39266,7342284525;-31342,57;-9622,733415180937
2025-07-12;XGBoost;111827,51;25196,690504586975;89179,56;39987,705677033446;22647,95;-14791,01517244647
2025-07-13;XGBoost;5921,43;30858,25745267881;0,0;36049,137941101595;5921,43;-5190,880488422787
2025-07-14;XGBoost;21993,96;27149,202156752002;104207,88;38093,811253571104;-82213,92000000001;-10944,609096819102
2025-07-15;XGBoost;182468,23;30184,116471786932;9850,26;40199,96352499415;172617,97;-10015,847053207217
2025-07-09;SARIMA;57440,52;36007,90905478995;61268,08;56357,785481832456;-3827,5599999999977;-20349,87642704251
2025-07-10;SARIMA;9383,85;37719,79607096762;4442,28;48429,46619716659;4941,570000000001;-10709,670126198973
2025-07-11;SARIMA;16021,0;37309,24330051465;47363,57;42025,47182930709;-31342,57;-4716,228528792439
2025-07-12;SARIMA;111827,51;31711,962981141718;89179,56;42797,096103579395;22647,95;-11085,133122437677
2025-07-13;SARIMA;5921,43;38837,478192770766;0,0;38581,81895648508;5921,43;255,6592362856827
2025-07-14;SARIMA;21993,96;34169,34829618669;104207,88;40770,143562076046;-82213,92000000001;-6600,7952658893555
2025-07-15;SARIMA;182468,23;37989,020184913665;9850,26;43024,266414156395;172617,97;-5035,24622924273
2025-07-16;XGBoost;57343,66;57315,70480261231;39702,07;55078,490381490454;17641,590000000004;2237,2144211218547
2025-07-17;XGBoost;14957,0;58972,98081687345;0,0;46258,89165926204;14957,0;12714,089157611415
2025-07-18;XGBoost;68927,72;58472,77185262768;118925,99;41108,76946289729;-49998,26999999999;17364,00238973039
2025-07-19;XGBoost;36444,06;51764,97010456322;65339,12;42773,47135335594;-28895,060000000005;8991,498751207277
2025-07-20;XGBoost;41289,16;60641,78981442762;29084,15;36773,96573038389;12205,010000000002;23867,82408404373
2025-07-21;XGBoost;94241,25;53705,68658373327;38882,1;41175,45607077708;55359,15;12530,230512956194
2025-07-22;XGBoost;26331,92;63030,97102516245;6518,86;41227,14284183333;19813,06;21803,82818332912
2025-07-16;SARIMA;57343,66;50320,28780523328;39702,07;46084,936017315544;17641,590000000004;4235,351787917738
2025-07-17;SARIMA;14957,0;51775,29226339236;0,0;38705,45557046428;14957,0;13069,836692928082
2025-07-18;SARIMA;68927,72;51336,13411066111;118925,99;34396,27697357617;-49998,26999999999;16939,85713708494
2025-07-19;SARIMA;36444,06;45447,023688561465;65339,12;35789,156109847354;-28895,060000000005;9657,867578714111
2025-07-20;SARIMA;41289,16;53240,42209714538;29084,15;30769,286631668856;12205,010000000002;22471,135465476527
2025-07-21;SARIMA;94241,25;47150,87452868488;38882,1;34452,074582335335;55359,15;12698,799946349543
2025-07-22;SARIMA;26331,92;55338,00227271975;6518,86;34495,321619800794;19813,06;20842,680652918956
2025-07-23;XGBoost;5981,360000000001;43297,3288232491;25358,42;48529,0255218056;-19377,06;-5231,696698556494
2025-07-24;XGBoost;49800,52;43864,24345332777;35648,68;40115,59841168882;14151,840000000004;3748,645041638949
2025-07-25;XGBoost;128762,66;44333,55919871379;1963,56;37941,22957299011;126799,1;6392,32962572368
2025-07-26;XGBoost;73028,01;38865,525887909826;42243,52;38352,19060861744;30784,49;513,3352792923833
2025-07-27;XGBoost;5062,12;45508,46528234582;135122,4;32450,769918035767;-130060,28;13057,69536431005
2025-07-28;XGBoost;4720,36;41200,291903909485;0,0;36456,546442986066;4720,36;4743,745460923419
2025-07-29;XGBoost;7889,82;47043,49170054422;6314,16;35877,70202387623;1575,66;11165,789676667991
2025-07-23;SARIMA;5981,360000000001;50400,0550457675;25358,42;40211,04974751299;-19377,06;10189,00529825451
2025-07-24;SARIMA;49800,52;51059,96939473014;35648,68;33239,701519637165;14151,840000000004;17820,267875092977
2025-07-25;SARIMA;128762,66;51606,27421408425;1963,56;31438,024016282616;126799,1;20168,250197801637
2025-07-26;SARIMA;73028,01;45241,23536880961;42243,52;31778,54547679443;30784,49;13462,689892015183
2025-07-27;SARIMA;5062,12;52973,9181980906;135122,4;26888,64055044566;-130060,28;26085,27764764494
2025-07-28;SARIMA;4720,36;47959,008934142905;0,0;30207,818658603206;4720,36;17751,1902755397
2025-07-29;SARIMA;7889,82;54760,75858932426;6314,16;29728,18937524912;1575,66;25032,569214075138
2025-07-30;XGBoost;33557,54;41030,70680708326;38768,44;50969,01393745057;-5210,9000000000015;-9938,307130367306
2025-07-31;XGBoost;48618,71;42211,242985267;0,0;42426,8589097449;48618,71;-215,61592447789735
2025-08-01;XGBoost;8670,12;43816,33814079485;6333,5;39490,9502167555;2336,620000000001;4325,387924039351
2025-08-02;XGBoost;72148,36;37825,97340711132;102552,1;40725,40020180415;-30403,740000000005;-2899,4267946928303
2025-08-03;XGBoost;7306,200000000001;43108,07817416254;4368,36;36450,15989641855;2937,840000000001;6657,918277743993
2025-08-04;XGBoost;7383,88;39029,16509057466;0,0;37907,81862519204;7383,88;1121,3464653826159
2025-08-05;XGBoost;63583,09;44601,21414500636;4713,81;37432,454462634334;58869,28;7168,759682372023
2025-07-30;SARIMA;33557,54;35413,82677178029;38768,44;31782,186529772975;-5210,9000000000015;3631,6402420073136
2025-07-31;SARIMA;48618,71;36432,753984235744;0,0;26455,64902229929;48618,71;9977,104961936453
2025-08-01;SARIMA;8670,12;37818,120365013616;6333,5;24624,9367815351;2336,620000000001;13193,183583478516
2025-08-02;SARIMA;72148,36;32647,803899935625;102552,1;25394,68915961013;-30403,740000000005;7253,1147403254945
2025-08-03;SARIMA;7306,200000000001;37206,81732591088;4368,36;22728,82465981586;2937,840000000001;14477,992666095022
2025-08-04;SARIMA;7383,88;33686,28520253072;0,0;23637,760855275406;7383,88;10048,524347255316
2025-08-05;SARIMA;63583,09;38495,551123912344;4713,81;23341,343261195223;58869,28;15154,207862717121
2025-08-06;XGBoost;13076,16;41532,89600441458;48209,87;26606,9317990944;-35133,71000000001;14925,964205320179
2025-08-07;XGBoost;34732,59;42935,23012616915;32725,38;21815,245536115985;2007,2099999999991;21119,98459005316
2025-08-08;XGBoost;7506,85;43953,010712194446;0,0;20370,901435743817;7506,85;23582,10927645063
2025-08-09;XGBoost;14696,57;38895,17073363087;47513,6;21996,999010518808;-32817,03;16898,17172311206
2025-08-10;XGBoost;313202,46;43224,53965419678;34008,94;18787,126018277006;279193,52;24437,413635919773
2025-08-11;XGBoost;48894,990000000005;39145,91896569062;29830,83;19491,623756694633;19064,160000000003;19654,295208995984
2025-08-12;XGBoost;14918,98;45545,827553703566;0,0;19295,76619355536;14918,98;26250,061360148207
2025-08-06;SARIMA;13076,16;34832,17351699102;48209,87;25192,752844989907;-35133,71000000001;9639,42067200111
2025-08-07;SARIMA;34732,59;36008,26163404793;32725,38;20655,748403987156;2007,2099999999991;15352,513230060773
2025-08-08;SARIMA;7506,85;36861,83827774958;0,0;19288,172306955414;7506,85;17573,665970794165
2025-08-09;SARIMA;14696,57;32620,006460007455;47513,6;20827,841540990812;-32817,03;11792,164919016643
2025-08-10;SARIMA;313202,46;36250,89532083216;34008,94;17788,575774912955;279193,52;18462,319545919207
2025-08-11;SARIMA;48894,990000000005;32830,300149309915;29830,83;18455,62891496775;19064,160000000003;14374,671234342164
2025-08-12;SARIMA;14918,98;38197,67752667492;0,0;18270,181332426208;14918,98;19927,49619424871
2025-08-13;XGBoost;110427,94;33917,75765766726;2060,92;45973,96008942372;108367,02;-12056,202431756465
2025-08-14;XGBoost;13220,09;35316,651092381966;3657,71;37575,55260843958;9562,38;-2258,9015160576164
2025-08-15;XGBoost;10371,48;35818,43279293314;0,0;34553,687101798845;10371,48;1264,745691134296
2025-08-16;XGBoost;43188,97;31792,971068873554;0,0;38142,29599414119;43188,97;-6349,324925267636
2025-08-17;XGBoost;13349,31;38881,66383724793;40682,96;32461,60472230981;-27333,65;6420,059114938118
2025-08-18;XGBoost;21160,210000000003;32405,731951345788;25500,61;33583,57405123945;-4340,399999999998;-1177,84209989366
2025-08-19;XGBoost;9982,56;37201,83847455036;11101,36;32730,01293264737;-1118,800000000001;4471,825541902988
2025-08-13;SARIMA;110427,94;32021,536713801535;2060,92;24322,293146439784;108367,02;7699,243567361751
2025-08-14;SARIMA;13220,09;33342,22300239782;3657,71;19879,157764618692;9562,38;13463,065237779127
2025-08-15;SARIMA;10371,48;33815,951876478655;0,0;18280,45496506284;10371,48;15535,496911415816
2025-08-16;SARIMA;43188,97;30015,539370204435;0,0;20178,990512092005;43188,97;9836,54885811243
2025-08-17;SARIMA;13349,31;36707,92859081222;40682,96;17173,649268502028;-27333,65;19534,27932231019
2025-08-18;SARIMA;21160,210000000003;30594,042975687636;25500,61;17767,22151823778;-4340,399999999998;12826,821457449856
2025-08-19;SARIMA;9982,56;35122,01627705301;11101,36;17315,649286817683;-1118,800000000001;17806,366990235325
2025-08-20;XGBoost;5995,6;53207,10735162278;14231,74;30602,45195813463;-8236,14;22604,65539348815
2025-08-21;XGBoost;92135,39;53564,232966696596;75360,43;25035,010601874033;16774,960000000006;28529,222364822563
2025-08-22;XGBoost;7480,53;54270,45435791077;19341,12;22982,57020174453;-11860,59;31287,88415616624
2025-08-23;XGBoost;13095,77;48784,82765954536;6185,0;25369,448787288264;6910,77;23415,378872257093
2025-08-24;XGBoost;54108,59;58949,47277594256;10729,33;22063,976258325474;43379,26;36885,49651761708
2025-08-25;XGBoost;16235,98;49312,31932353707;0,0;22633,74560464023;16235,98;26678,57371889684
2025-08-26;XGBoost;20398,8;56352,273064744884;1917,43;21898,640337992856;18481,37;34453,632726752025
2025-08-20;SARIMA;5995,6;36665,17729043294;14231,74;14824,293260543114;-8236,14;21840,88402988983
2025-08-21;SARIMA;92135,39;36911,273623110894;75360,43;12127,339974283834;16774,960000000006;24783,93364882706
2025-08-22;SARIMA;7480,53;37397,93290236927;19341,12;11133,106622233148;-11860,59;26264,82628013612
2025-08-23;SARIMA;13095,77;33617,771088356174;6185,0;12289,346918854384;6910,77;21328,42416950179
2025-08-24;SARIMA;54108,59;40622,25853068412;10729,33;10688,125742164058;43379,26;29934,132788520063
2025-08-25;SARIMA;16235,98;33981,267176419526;0,0;10964,130680990298;16235,98;23017,13649542923
2025-08-26;SARIMA;20398,8;38832,5204184351;1917,43;10608,034507224273;18481,37;28224,48591121083
2025-08-27;XGBoost;21683,47;49160,39001243651;66013,32;23466,30032964227;-44329,850000000006;25694,08968279424
2025-08-28;XGBoost;4242,01;50923,744513087295;0,0;19762,021979347184;4242,01;31161,72253374011
2025-08-29;XGBoost;91955,31;50165,58954005431;0,0;17700,00463393551;91955,31;32465,5849061188
2025-08-30;XGBoost;4352,15;45200,95115644848;0,0;19403,81159401952;4352,15;25797,139562428958
2025-08-31;XGBoost;7591,219999999999;55256,229762975934;7187,09;16923,055148237432;404,1299999999992;38333,1746147385
2025-09-01;XGBoost;3878,89;45739,61278198498;0,0;17262,48941154422;3878,89;28477,12337044076
2025-09-02;XGBoost;4203,94;52300,23223301251;1857,72;16718,832528273873;2346,22;35581,39970473864
2025-08-27;SARIMA;21683,47;11861,578708718316;66013,32;18801,063694540262;-44329,850000000006;-6939,484985821946
2025-08-28;SARIMA;4242,01;12287,046614801864;0,0;15833,217369048949;4242,01;-3546,170754247085
2025-08-29;SARIMA;91955,31;12104,116518361172;0,0;14181,141033804897;91955,31;-2077,0245154437252
2025-08-30;SARIMA;4352,15;10906,232430530154;0,0;15546,221286326698;4352,15;-4639,988855796544
2025-08-31;SARIMA;7591,219999999999;13332,402739578632;7187,09;13558,653612999244;404,1299999999992;-226,25087342061124
2025-09-01;SARIMA;3878,89;11036,202458576128;0,0;13830,606375679901;3878,89;-2794,403917103773
2025-09-02;SARIMA;4203,94;12619,170046437508;1857,72;13395,031634593443;2346,22;-775,8615881559344
2025-09-03;XGBoost;13741,05;38922,89331567512;1882,66;14612,054097486147;11858,39;24310,839218188976
2025-09-04;XGBoost;13255,12;40080,63485409219;0,0;12006,034938795467;13255,12;28074,599915296723
2025-09-05;XGBoost;18820,77;40632,4735713777;0,0;10753,296108766464;18820,77;29879,17746261123
2025-09-06;XGBoost;35782,53;35584,06557710153;0,0;11788,411134602866;35782,53;23795,654442498664
2025-09-07;XGBoost;8712,39;43529,713329434046;0,0;10319,986053124978;8712,39;33209,727276309066
2025-09-08;XGBoost;15235,07;36001,25108120361;56854,47;10487,492181831543;-41619,4;25513,75889937207
2025-09-09;XGBoost;8544,27;41162,030771115824;129284,34;10167,209860392535;-120740,07;30994,82091072329
2025-09-03;SARIMA;13741,05;28275,710158075748;1882,66;0,0;11858,39;28275,710158075748
2025-09-04;SARIMA;13255,12;29116,756683387946;0,0;0,0;13255,12;29116,756683387946
2025-09-05;SARIMA;18820,77;29517,642390866567;0,0;0,0;18820,77;29517,642390866567
2025-09-06;SARIMA;35782,53;25850,20379507292;0,0;0,0;35782,53;25850,20379507292
2025-09-07;SARIMA;8712,39;31622,355187853398;0,0;0,0;8712,39;31622,355187853398
2025-09-08;SARIMA;15235,07;26153,27007281519;56854,47;0,0;-41619,4;26153,27007281519
2025-09-09;SARIMA;8544,27;29902,34159013928;129284,34;0,0;-120740,07;29902,34159013928
2025-09-10;XGBoost;67961,97;24299,664439610595;4828,03;24195,77123368583;63133,94;103,8932059247636
2025-09-11;XGBoost;11450,33;25015,170687560243;0,0;19866,73599384145;11450,33;5148,434693718795
2025-09-12;XGBoost;33047,18;25403,357867762395;56754,87;17793,792533965352;-23707,689999999995;7609,565333797043
2025-09-13;XGBoost;11714,78;22404,040072663447;3626,12;19506,627541224905;8088,660000000001;2897,412531438542
2025-09-14;XGBoost;26853,67;27121,59912067326;1824,34;17076,781753737698;25029,33;10044,817366935564
2025-09-15;XGBoost;27071,9;22496,211211958907;43121,68;17860,67945125628;-16049,780000000002;4635,531760702626
2025-09-16;XGBoost;7927,0;25648,878474771136;16229,15;17976,236492288495;-8302,15;7672,641982482641
2025-09-10;SARIMA;67961,97;17625,028240344538;4828,03;30037,007521605345;63133,94;-12411,979281260807
2025-09-11;SARIMA;11450,33;18143,99910340299;0,0;24662,875703088717;11450,33;-6518,8765996857255
2025-09-12;SARIMA;33047,18;18425,558959120583;56754,87;22089,49138337444;-23707,689999999995;-3663,932424253857
2025-09-13;SARIMA;11714,78;16250,09431549302;3626,12;24215,831457407567;8088,660000000001;-7965,7371419145475
2025-09-14;SARIMA;26853,67;19671,833395606765;1824,34;21199,383025564122;25029,33;-1527,549629957357
2025-09-15;SARIMA;27071,9;16316,94786966717;43121,68;22172,525844990094;-16049,780000000002;-5855,5779753229235
2025-09-16;SARIMA;7927,0;18603,63992163222;16229,15;22315,980156784324;-8302,15;-3712,3402351521036
2025-09-17;XGBoost;13847,1;18472,54386614659;0,0;26629,721906120787;13847,1;-8157,178039974198
2025-09-18;XGBoost;4154,75;18662,814285403903;12323,37;21826,394976852596;-8168,620000000001;-3163,580691448693
2025-09-19;XGBoost;24069,32;19081,88416321339;0,0;20104,704117421938;24069,32;-1022,8199542085458
2025-09-20;XGBoost;75872,42;16723,57686729683;65765,48;21466,27132735624;10106,940000000002;-4742,694460059411
2025-09-21;XGBoost;95208,68;20321,607262319074;42000,22;18779,102507150565;53208,45999999999;1542,5047551685093
2025-09-22;XGBoost;7087,530000000001;16884,906627103886;0,0;20044,696303695433;7087,530000000001;-3159,7896765915466
2025-09-23;XGBoost;7231,89;19112,54974101631;17632,25;19908,327611402456;-10400,36;-795,7778703861441
2025-09-17;SARIMA;13847,1;35941,115588177265;0,0;19690,36321720993;13847,1;16250,752370967333
2025-09-18;SARIMA;4154,75;36311,315338741704;12323,37;16138,720724595034;-8168,620000000001;20172,59461414667
2025-09-19;SARIMA;24069,32;37126,67888731483;0,0;14865,680078904026;24069,32;22260,998808410804
2025-09-20;SARIMA;75872,42;32538,23694184389;65765,48;15872,44060771328;10106,940000000002;16665,79633413061
2025-09-21;SARIMA;95208,68;39538,746847480696;42000,22;13885,512982920862;53208,45999999999;25653,233864559836
2025-09-22;SARIMA;7087,530000000001;32852,128281718564;0,0;14821,3095198606;7087,530000000001;18030,81876185796
2025-09-23;SARIMA;7231,89;37186,34338638866;17632,25;14720,47673263996;-10400,36;22465,8666537487
2025-09-24;XGBoost;39914,12;21980,80958304528;25863,09;26525,16747421905;14051,030000000002;-4544,357891173771
2025-09-25;XGBoost;93517,99;22136,802086348456;81556,84;21860,89281891306;11961,149999999994;275,90926743539603
2025-09-26;XGBoost;91306,07;22775,790398250447;0,0;20025,7684107345;91306,07;2750,0219875159455
2025-09-27;XGBoost;10419,01;20353,140078706878;0,0;22023,41907382842;10419,01;-1670,2789951215418
2025-09-28;XGBoost;13636,3;24753,628962429757;95611,98;19115,01141294473;-81975,68000000001;5638,617549485029
2025-09-29;XGBoost;12169,15;20051,776999342852;20640,14;19965,99620152899;-8470,99;85,78079781386259
2025-09-30;XGBoost;45062,84;22691,567516876323;9846,12;20002,135232831242;35216,72;2689,4322840450805
2025-09-24;SARIMA;39914,12;16388,661644203978;25863,09;27640,386592462226;14051,030000000002;-11251,724948258248
2025-09-25;SARIMA;93517,99;16504,96802254775;81556,84;22780,008056817303;11961,149999999994;-6275,040034269554
2025-09-26;SARIMA;91306,07;16981,391022292053;0,0;20867,728025536853;91306,07;-3886,3370032448
2025-09-27;SARIMA;10419,01;15175,088291757162;0,0;22949,3675348169;10419,01;-7774,27924305974
2025-09-28;SARIMA;13636,3;18456,04676200581;95611,98;19918,679333001095;-81975,68000000001;-1462,6325709952835
2025-09-29;SARIMA;12169,15;14950,395132886344;20640,14;20805,442764886502;-8470,99;-5855,047632000158
2025-09-30;SARIMA;45062,84;16918,595323147056;9846,12;20843,10121877722;35216,72;-3924,5058956301655
2025-10-01;XGBoost;47111,45;30796,213749411578;0,0;27412,97253521347;47111,45;3383,2412141981076
2025-10-02;XGBoost;12760,57;31542,753250069145;4393,6;23194,082024958912;8366,97;8348,671225110233
2025-10-03;XGBoost;30788,79;32404,615620968634;19167,11;20501,07482160955;11621,68;11903,540799359085
2025-10-04;XGBoost;31390,95;28252,970606652114;0,0;22546,139204236362;31390,95;5706,831402415752
2025-10-05;XGBoost;54468,310000000005;34371,00903951368;0,0;20523,36522989021;54468,310000000005;13847,64380962347
2025-10-06;XGBoost;14379,85;27853,49469134673;0,0;20645,97106233927;14379,85;7207,523629007457
2025-10-07;XGBoost;7979,87;31830,224292038114;0,0;20575,19199675223;7979,87;11255,032295285884
2025-10-01;SARIMA;47111,45;38171,04038323331;0,0;11884,015885681827;47111,45;26287,024497551483
2025-10-02;SARIMA;12760,57;39096,355087799006;4393,6;10055,051085187708;8366,97;29041,304002611298
2025-10-03;SARIMA;30788,79;40164,60924501735;19167,11;8887,584100578548;11621,68;31277,025144438805
2025-10-04;SARIMA;31390,95;35018,76207082201;0,0;9774,156236422621;31390,95;25244,605834399394
2025-10-05;SARIMA;54468,310000000005;42601,898555948996;0,0;8897,247392867095;54468,310000000005;33704,6511630819
2025-10-06;SARIMA;14379,85;34523,62291445276;0,0;8950,399223031818;14379,85;25573,223691420942
2025-10-07;SARIMA;7979,87;39452,66735531655;0,0;8919,715227024832;7979,87;30532,95212829172
2025-10-08;XGBoost;22867,39;23478,673276501886;0,0;22084,839180300856;22867,39;1393,8340962010298
2025-10-09;XGBoost;3818,27;23783,8796676881;8422,08;18721,297475379353;-4603,81;5062,582192308746
2025-10-10;XGBoost;26084,36;24565,217229684036;12397,16;16670,55697715994;13687,199999999995;7894,660252524096
2025-10-11;XGBoost;8426,17;21451,760258746028;0,0;18163,949853399543;8426,17;3287,810405346485
2025-10-12;XGBoost;193952,76;26218,097248039056;2132,1;16534,33315042622;191820,66;9683,764097612835
2025-10-13;XGBoost;9683,37;21025,244360335593;1944,92;16633,10865128539;7738,450000000001;4392,135709050202
2025-10-14;XGBoost;54164,7;23964,221709005295;25935,76;16576,086587048696;28228,94000000001;7388,135121956599
2025-10-08;SARIMA;22867,39;18107,671895564636;0,0;43408,81983832613;22867,39;-25301,147942761498
2025-10-09;SARIMA;3818,27;18343,059011648424;8422,08;36797,615894497154;-4603,81;-18454,55688284873
2025-10-10;SARIMA;26084,36;18945,657124654354;12397,16;32766,78623367854;13687,199999999995;-13821,129109024187
2025-10-11;SARIMA;8426,17;16544,437233446613;0,0;35702,12217990305;8426,17;-19157,68494645644
2025-10-12;SARIMA;193952,76;20220,422896239164;2132,1;32499,03171194103;191820,66;-12278,608815701864
2025-10-13;SARIMA;9683,37;16215,491476771864;1944,92;32693,179737481587;7738,450000000001;-16477,68826070972
2025-10-14;SARIMA;54164,7;18482,145853340473;25935,76;32581,100111587453;28228,94000000001;-14098,95425824698
2025-10-15;XGBoost;8690,33;30436,776283239073;1916,1;12339,116221370274;6774,23;18097,6600618688
2025-10-16;XGBoost;6742,9;30647,265614456446;12393,64;10497,708967592696;-5650,74;20149,556646863748
2025-10-17;XGBoost;11003,15;31865,988142590784;8087,93;9369,796225664068;2915,22;22496,191916926717
2025-10-18;XGBoost;13903,88;27689,845913972014;0,0;10148,459151115509;13903,88;17541,386762856506
2025-10-19;XGBoost;33760,4;35600,00247933174;17255,56;9247,551327041569;16504,84;26352,451152290174
2025-10-20;XGBoost;20752,9;27152,937280591887;12017,27;9301,897364249775;8735,630000000001;17851,03991634211
2025-10-21;XGBoost;97090,7;31361,246785818024;27954,78;9377,861367966108;69135,92;21983,385417851918
2025-10-15;SARIMA;8690,33;29756,659692636393;1916,1;9262,069455641062;6774,23;20494,590236995333
2025-10-16;SARIMA;6742,9;29962,44559255166;12393,64;7879,860100073845;-5650,74;22082,585492477814
2025-10-17;SARIMA;11003,15;31153,93549253208;8087,93;7033,2187387134145;2915,22;24120,716753818666
2025-10-18;SARIMA;13903,88;27071,110098389112;0,0;7617,703880815674;13903,88;19453,406217573436
2025-10-19;SARIMA;33760,4;34804,51244167545;17255,56;6941,458460154855;16504,84;27863,053981520592
2025-10-20;SARIMA;20752,9;26546,19880880787;12017,27;6982,252043927854;8735,630000000001;19563,946764880013
2025-10-21;SARIMA;97090,7;30660,472694549844;27954,78;7039,272649449887;69135,92;23621,20004509996
2025-10-22;XGBoost;24500,93;22035,027537844115;0,0;18494,768894211215;24500,93;3540,2586436329
2025-10-23;XGBoost;46931,75;22173,540961128965;0,0;15807,190270354768;46931,75;6366,350690774198
2025-10-24;XGBoost;10201,05;23082,882982941243;0,0;14088,78634608149;10201,05;8994,096636859753
2025-10-25;XGBoost;107426,29;20087,80490484209;55763,12;15200,643325216566;51663,16999999999;4887,161579625525
2025-10-26;XGBoost;10033,11;25936,053728643354;0,0;13967,398747576337;10033,11;11968,654981067017
2025-10-27;XGBoost;9694,77;19747,492094745172;34752,99;14013,53688659013;-25058,22;5733,955208155043
2025-10-28;XGBoost;26376,33;23313,35403985506;0,0;14234,605217469489;26376,33;9078,748822385573
2025-10-22;SARIMA;24500,93;11068,546024590285;0,0;7082,141949001918;24500,93;3986,404075588367
2025-10-23;SARIMA;46931,75;11138,123527864052;0,0;6052,9961715052295;46931,75;5085,127356358823
2025-10-24;SARIMA;10201,05;11594,90053906755;0,0;5394,973322610132;10201,05;6199,927216457419
2025-10-25;SARIMA;107426,29;10090,425017185567;55763,12;5820,733114379561;51663,16999999999;4269,6919028060065
2025-10-26;SARIMA;10033,11;13028,093742959873;0,0;5348,490762683091;10033,11;7679,602980276782
2025-10-27;SARIMA;9694,77;9919,480461076155;34752,99;5366,158290816451;-25058,22;4553,322170259704
2025-10-28;SARIMA;26376,33;11710,669829412449;0,0;5450,8112707304945;26376,33;6259,8585586819545
2025-10-29;XGBoost;26946,35;20093,59355191535;35314,08;10536,746068379645;-8367,730000000003;9556,847483535705
2025-10-30;XGBoost;13751,01;20359,20831583033;0,0;9005,592385932492;13751,01;11353,615929897836
2025-10-31;XGBoost;4126,28;20952,41739423837;36670,350000000006;8026,5920049846745;-32544,070000000007;12925,825389253696
2025-11-01;XGBoost;35236,22;18850,03739795367;0,0;8873,895068502005;35236,22;9976,142329451666
2025-11-02;XGBoost;5580,03;23533,31581309476;56080,97;7957,435677127043;-50500,94;15575,880135967716
2025-11-03;XGBoost;8561,68;17930,922479849854;0,0;8117,00519492624;8561,68;9813,917284923615
2025-11-04;XGBoost;76657,95999999999;21262,130047117644;10453,1;8109,667193897901;66204,85999999999;13152,462853219742
2025-10-29;SARIMA;26946,35;16260,279598490262;35314,08;23575,775473995727;-8367,730000000003;-7315,495875505465
2025-10-30;SARIMA;13751,01;16475,222252505122;0,0;20149,847279533027;13751,01;-3674,625027027905
2025-10-31;SARIMA;4126,28;16955,263089917105;36670,350000000006;17959,351938713695;-32544,070000000007;-1004,0888487965894
2025-11-01;SARIMA;35236,22;15253,96031032527;0,0;19855,176954736427;35236,22;-4601,216644411157
2025-11-02;SARIMA;5580,03;19043,79592489654;56080,97;17804,61592746347;-50500,94;1239,1799974330715
2025-11-03;SARIMA;8561,68;14510,1876490092;0,0;18161,64978779509;8561,68;-3651,4621387858897
2025-11-04;SARIMA;76657,95999999999;17205,890948890945;10453,1;18145,231145497994;66204,85999999999;-939,3401966070487
2025-11-05;XGBoost;8543,710000000001;23094,535084282954;0,0;20808,044535090427;8543,710000000001;2286,4905491925274
2025-11-06;XGBoost;63042,47000000001;23303,229813611026;51107,880000000005;17558,618241567274;11934,590000000004;5744,611572043752
2025-11-07;XGBoost;46451,52;23910,762874315766;79773,25;15924,02322673795;-33321,73;7986,739647577815
2025-11-08;XGBoost;9075,63;21736,22876364814;0,0;17301,84191624606;9075,63;4434,386847402082
2025-11-09;XGBoost;8200,5;26862,806351300624;10718,23;15934,331282029185;-2517,73;10928,475069271439
2025-11-10;XGBoost;36720,33;20498,507122417497;14864,47;15826,098869982388;21855,86;4672,408252435109
2025-11-11;XGBoost;11598,6;24780,742490423967;19286,48;15889,955990846714;-7687,879999999999;8890,786499577252
2025-11-05;SARIMA;8543,710000000001;21977,778657709634;0,0;24144,360746828424;8543,710000000001;-2166,5820891187905
2025-11-06;SARIMA;63042,47000000001;22176,381771020388;51107,880000000005;20373,928570044754;11934,590000000004;1802,453200975633
2025-11-07;SARIMA;46451,52;22754,537039644805;79773,25;18477,24617653819;-33321,73;4277,290863106617
2025-11-08;SARIMA;9075,63;20685,154426248224;0,0;20075,981292041517;9075,63;609,1731342067069
2025-11-09;SARIMA;8200,5;25563,831874476207;10718,23;18489,207002800846;-2517,73;7074,624871675362
2025-11-10;SARIMA;36720,33;19507,283896638084;14864,47;18363,62084324845;21855,86;1143,663053389635
2025-11-11;SARIMA;11598,6;23582,448031131164;19286,48;18437,716674781394;-7687,879999999999;5144,73135634977
2025-11-12;XGBoost;36783,92;25193,36016452674;57820,79;16775,027387814713;-21036,870000000003;8418,332776712028
2025-11-13;XGBoost;74922,45999999999;25843,051372563736;15994,09;14463,49939039898;58928,37;11379,551982164756
2025-11-14;XGBoost;55798,57;26375,393807269782;70178,53;13318,525495388056;-14379,96;13056,868311881726
2025-11-15;XGBoost;25800,23;23719,63308444759;46363,53;13948,397290058327;-20563,3;9771,235794389262
2025-11-16;XGBoost;73593,99;29290,618704060245;26342,93;12910,550517472413;47251,060000000005;16380,068186587832
2025-11-17;XGBoost;14289,71;22587,358672307437;46347,2;12848,290545197486;-32057,49;9739,068127109951
2025-11-18;XGBoost;53196,29;27051,662319824463;74200,53;12926,428123670037;-21004,24;14125,234196154426
2025-11-12;SARIMA;36783,92;31941,984741146654;57820,79;24804,9598589553;-21036,870000000003;7137,024882191356
2025-11-13;SARIMA;74922,45999999999;32765,710775230633;15994,09;21386,941046634427;58928,37;11378,769728596206
2025-11-14;SARIMA;55798,57;33440,65345121348;70178,53;19693,88679112078;-14379,96;13746,7666600927
2025-11-15;SARIMA;25800,23;30073,48575581541;46363,53;20625,267958011354;-20563,3;9448,217797804056
2025-11-16;SARIMA;73593,99;37136,78880442475;26342,93;19090,62083413005;47251,060000000005;18046,1679702947
2025-11-17;SARIMA;14289,71;28637,9054378594;46347,2;18998,558026875202;-32057,49;9639,347410984199
2025-11-18;SARIMA;53196,29;34298,07613591575;74200,53;19114,098791887336;-21004,24;15183,977344028412
2025-11-19;XGBoost;5713,81;44917,30360583925;0,0;52268,816722687494;5713,81;-7351,51311684824
2025-11-20;XGBoost;92817,09;46584,07557033756;27085,6;44443,34746231708;65731,48999999999;2140,728108020485
2025-11-21;XGBoost;16240,58;47261,1151756002;37194,92;41945,430093530886;-20954,34;5315,685082069314
2025-11-22;XGBoost;8439,89;42169,04745927662;139474,49;43429,85729171599;-131034,6;-1260,8098324393723
2025-11-23;XGBoost;9218,13;52643,77293984704;37875,39;39893,48609995878;-28657,26;12750,286839888257
2025-11-24;XGBoost;64461,92;40015,54990618264;47658,46;40071,54128628172;16803,46;-55,991380099076196
2025-11-25;XGBoost;21909,67;48417,76034291669;8949,619999999999;40822,58354350801;12960,050000000005;7595,176799408684
2025-11-19;SARIMA;5713,81;22060,953618182746;0,0;43763,79338767361;5713,81;-21702,839769490867
2025-11-20;SARIMA;92817,09;22879,581987408903;27085,6;37211,66075208268;65731,48999999999;-14332,078764673777
2025-11-21;SARIMA;16240,58;23212,107275668423;37194,92;35120,196921802584;-20954,34;-11908,089646134162
2025-11-22;SARIMA;8439,89;20711,15862798832;139474,49;36363,082628304874;-131034,6;-15651,924000316554
2025-11-23;SARIMA;9218,13;25855,778060576435;37875,39;33402,13903168033;-28657,26;-7546,360971103895
2025-11-24;SARIMA;64461,92;19653,47693692839;47658,46;33551,221618094765;16803,46;-13897,744681166376
2025-11-25;SARIMA;21909,67;23780,18891326581;8949,619999999999;34180,05655700389;12960,050000000005;-10399,867643738078
2025-11-26;XGBoost;4616,9;32303,676653226863;60976,7;50317,87537587326;-56359,8;-18014,198722646393
2025-11-27;XGBoost;7318,02;34355,23307168873;162551,27;43264,29441128812;-155233,25;-8909,061339599393
2025-11-28;XGBoost;90714,83;34089,69650695049;0,0;41038,69135173445;90714,83;-6948,994844783963
2025-11-29;XGBoost;4836,15;30357,370783248374;0,0;44279,51948141618;4836,15;-13922,148698167806
2025-11-30;XGBoost;39709,47;37885,155834829064;0,0;39075,39049830283;39709,47;-1190,2346634737696
2025-12-01;XGBoost;83691,08;29361,16602945328;5557,81;39420,09964189546;78133,27;-10058,933612442179
2025-12-02;XGBoost;24188,51;34975,73237060325;33576,23;39457,41048948969;-9387,72;-4481,678118886441
2025-11-26;SARIMA;4616,9;17512,158253111713;60976,7;42640,173178849254;-56359,8;-25128,01492573754
2025-11-27;SARIMA;7318,02;18624,328271743398;162551,27;36662,855742168336;-155233,25;-18038,52747042494
2025-11-28;SARIMA;90714,83;18480,378145149392;0,0;34776,844077767884;90714,83;-16296,465932618492
2025-11-29;SARIMA;4836,15;16457,045648750656;0,0;37523,17372027053;4836,15;-21066,128071519877
2025-11-30;SARIMA;39709,47;20537,93602336135;0,0;33113,11150227351;39709,47;-12575,175478912159
2025-12-01;SARIMA;83691,08;15916,992716440887;5557,81;33405,22354932091;78133,27;-17488,23083288002
2025-12-02;SARIMA;24188,51;18960,70737914913;33576,23;33436,84135891607;-9387,72;-14476,133979766939
2025-12-03;XGBoost;4443,58;38171,575669456266;45748,08;40180,66123513658;-41304,5;-2009,0855656803105
2025-12-04;XGBoost;103357,93;40623,68100717857;88398,26000000001;36073,11635485487;14959,669999999998;4550,564652323701
2025-12-05;XGBoost;57457,91;41276,229549344265;30166,3;32082,195857418872;27291,610000000004;9194,033691925393
2025-12-06;XGBoost;90690,93;35877,48816663829;10094,42;34615,728954406564;80596,51;1261,7592122317292
2025-12-07;XGBoost;20074,26;45164,113436962514;33643,7;30547,375900150215;-13569,439999999997;14616,7375368123
2025-12-08;XGBoost;16304,59;35615,250698692296;69561,07;30893,819677358766;-53256,48000000001;4721,43102133353
2025-12-09;XGBoost;4519,22;41551,255221727784;129743,03;31310,992645674145;-125223,81;10240,26257605364
2025-12-03;SARIMA;4443,58;40609,711390039505;45748,08;57909,39357558275;-41304,5;-17299,682185543243
2025-12-04;SARIMA;103357,93;43218,44022337815;88398,26000000001;51989,49515206955;14959,669999999998;-8771,054928691396
2025-12-05;SARIMA;57457,91;43912,66904418483;30166,3;46237,678763025586;27291,610000000004;-2325,0097188407526
2025-12-06;SARIMA;90690,93;38169,09347581807;10094,42;49889,07126728651;80596,51;-11719,977791468446
2025-12-07;SARIMA;20074,26;48048,88401108486;33643,7;44025,65710282934;-13569,439999999997;4023,2269082555213
2025-12-08;SARIMA;16304,59;37890,10609575393;69561,07;44524,96070882967;-53256,48000000001;-6634,854613075739
2025-12-09;SARIMA;4519,22;44205,26145056231;129743,03;45126,201028641626;-125223,81;-920,9395780793129
2025-12-10;XGBoost;59907,4;37707,50122723371;3264,29;51577,94006011654;56643,11;-13870,438832882828
2025-12-11;XGBoost;7506,91;41256,68179254812;14084,94;47133,52287157485;-6578,030000000001;-5876,84107902673
2025-12-12;XGBoost;63098,32;41375,99717652557;16077,82;41071,01500390369;47020,5;304,9821726218797
2025-12-13;XGBoost;22331,19;36429,77679575823;13485,58;43921,44105864966;8845,609999999999;-7491,664262891427
2025-12-14;XGBoost;60388,71000000001;44784,3148464675;41851,1;39192,27931295017;18537,610000000008;5592,03553351733
2025-12-15;XGBoost;55234,39;35321,17332450595;89076,38;40258,65544965778;-33841,990000000005;-4937,48212515183
2025-12-16;XGBoost;122434,59;41042,461086960946;23395,72;41839,05249314726;99038,87;-796,591406186315
2025-12-10;SARIMA;59907,4;17206,184821945833;3264,29;46879,16761164909;56643,11;-29672,98278970326
2025-12-11;SARIMA;7506,91;18825,69963427056;14084,94;42839,63873409219;-6578,030000000001;-24013,939099821626
2025-12-12;SARIMA;63098,32;18880,144041404455;16077,82;37329,427931872415;47020,5;-18449,28389046796
2025-12-13;SARIMA;22331,19;16623,150624399892;13485,58;39920,17895119;8845,609999999999;-23297,028326790107
2025-12-14;SARIMA;60388,71000000001;20435,382173136448;41851,1;35621,84586768872;18537,610000000008;-15186,463694552269
2025-12-15;SARIMA;55234,39;16117,287451296263;89076,38;36591,07468123792;-33841,990000000005;-20473,78722994166
2025-12-16;SARIMA;122434,59;18727,949294601847;23395,72;38027,49687662504;99038,87;-19299,54758202319
2025-12-17;XGBoost;97817,32;39804,269384447376;0,0;25437,307939250946;97817,32;14366,96144519643
2025-12-18;XGBoost;71535,97;42863,28369406941;1885,84;23341,114811601303;69650,13;19522,168882468108
2025-12-19;XGBoost;10753,28;43645,514425971276;8156,549999999999;20371,684595932573;2596,7300000000014;23273,829830038703
2025-12-20;XGBoost;8822,51;38034,421074417914;12530,69;21753,559450536417;-3708,18;16280,861623881498
2025-12-21;XGBoost;6085,04;47147,113565476124;55078,25;19668,350467023593;-48993,21;27478,76309845253
2025-12-22;XGBoost;10798,45;37274,80189275259;49854,47;20600,82953167482;-39056,02;16673,972361077773
2025-12-23;XGBoost;86535,72;44002,59596286533;10994,69;20813,137578980346;75541,03;23189,458383884983
2025-12-17;SARIMA;97817,32;56576,673124309455;0,0;28502,602964667258;97817,32;28074,070159642197
2025-12-18;SARIMA;71535,97;60924,67034557471;1885,84;26153,810372410688;69650,13;34770,85997316403
2025-12-19;SARIMA;10753,28;62036,511188554556;8156,549999999999;22826,552210083926;2596,7300000000014;39209,95897847063
2025-12-20;SARIMA;8822,51;54061,06033038959;12530,69;24374,94838556343;-3708,18;29686,11194482616
2025-12-21;SARIMA;6085,04;67013,58608508653;55078,25;22038,463569742406;-48993,21;44975,12251534412
2025-12-22;SARIMA;10798,45;52981,358911304465;49854,47;23083,31000616924;-39056,02;29898,048905135227
2025-12-23;SARIMA;86535,72;62544,05687910489;10994,69;23321,202002956197;75541,03;39222,854876148696
2025-12-24;XGBoost;108894,22;38997,57498466865;12743,41;21479,279941743203;96150,81;17518,29504292545
2025-12-25;XGBoost;62991,76;41613,429691678444;0,0;19722,981657172284;62991,76;21890,44803450616
2025-12-26;XGBoost;198689,28;41672,65439394124;14676,38;17261,24251560425;184012,9;24411,41187833699
2025-12-27;XGBoost;75624,54000000001;36309,009426374636;5871,67;18459,941587894227;69752,87000000001;17849,06783848041
2025-12-28;XGBoost;115390,95;44953,599485003215;88999,05;17008,9289128142;26391,899999999998;27944,670572189014
2025-12-29;XGBoost;29598,39;35608,12066675427;73099,54;17758,28660881226;-43501,15;17849,83405794201
2025-12-30;XGBoost;5399,17;42867,23635157955;0,0;17654,666900959583;5399,17;25212,56945061997
2025-12-24;SARIMA;108894,22;14714,16945894867;12743,41;8355,857957379141;96150,81;6358,311501569529
2025-12-25;SARIMA;62991,76;15701,157225599865;0,0;7672,623741126721;62991,76;8028,533484473144
2025-12-26;SARIMA;198689,28;15723,503289569053;14676,38;6714,9593012174955;184012,9;9008,543988351557
2025-12-27;SARIMA;75624,54000000001;13699,747171363264;5871,67;7181,276571110311;69752,87000000001;6518,470600252953
2025-12-28;SARIMA;115390,95;16961,436214228364;88999,05;6616,804398848961;26391,899999999998;10344,631815379404
2025-12-29;SARIMA;29598,39;13435,294933372033;73099,54;6908,319127648596;-43501,15;6526,975805723438
2025-12-30;SARIMA;5399,17;16174,230837735906;0,0;6868,009044501002;5399,17;9306,221793234905
2025-12-31;XGBoost;8643,34;49072,94061697113;45122,27;24147,69387092324;-36478,92999999999;24925,246746047887
2026-01-01;XGBoost;37126,16;51632,61326534353;61191,42;22077,851962798697;-24065,26;29554,76130254483
2026-01-02;XGBoost;6607,81;53571,769929695016;22059,12;19441,78608600196;-15451,309999999998;34129,98384369306
2026-01-03;XGBoost;7320,630000000001;45335,326605449096;21037,29;20711,856745082227;-13716,66;24623,46986036687
2026-01-04;XGBoost;103954,19;56428,32773479446;35561,98;19765,004361781623;68392,21;36663,32337301284
2026-01-05;XGBoost;54797,79;43847,06196929702;0,0;20474,267791847888;54797,79;23372,794177449134
2026-01-06;XGBoost;3876,85;52369,83487844977;60065,19;19762,586056564363;-56188,34;32607,24882188541
2025-12-31;SARIMA;8643,34;89616,7581658763;45122,27;34926,20657259843;-36478,92999999999;54690,551593277865
2026-01-01;SARIMA;37126,16;94291,21952541558;61191,42;31932,474481981397;-24065,26;62358,74504343419
2026-01-02;SARIMA;6607,81;97832,49770540782;22059,12;28119,779909816;-15451,309999999998;69712,71779559182
2026-01-03;SARIMA;7320,630000000001;82791,1461936416;21037,29;29956,756576736847;-13716,66;52834,38961690475
2026-01-04;SARIMA;103954,19;103049,12924996033;35561,98;28587,269200025723;68392,21;74461,8600499346
2026-01-05;SARIMA;54797,79;80073,28477535232;0,0;29613,117929320422;54797,79;50460,166846031905
2026-01-06;SARIMA;3876,85;95637,5299397858;60065,19;28583,77146529275;-56188,34;67053,75847449305
2026-01-07;XGBoost;25558,83;40617,91024858409;0,0;35616,094678207955;25558,83;5001,815570376137
2026-01-08;XGBoost;20339,74;43055,00444344088;6901,18;32799,259494097176;13438,56;10255,744949343702
2026-01-09;XGBoost;125159,14;44309,4881065239;0,0;28506,28408560791;125159,14;15803,204020915993
2026-01-10;XGBoost;6279,08;37516,721593348855;0,0;30339,351910364057;6279,08;7177,369682984798
2026-01-11;XGBoost;4849,7;47774,0054366809;14174,3;29135,716929445916;-9324,6;18638,28850723498
2026-01-12;XGBoost;6209,93;36827,19183897587;43162,13;29745,122061108774;-36952,2;7082,069777867098
2026-01-13;XGBoost;38277,77;43286,022082445495;0,0;29422,29584116821;38277,77;13863,726241277287
2026-01-07;SARIMA;25558,83;13057,245095798564;0,0;27847,738939606726;25558,83;-14790,493843808163
2026-01-08;SARIMA;20339,74;13840,686095816582;6901,18;25645,293905928967;13438,56;-11804,607810112386
2026-01-09;SARIMA;125159,14;14243,958951492887;0,0;22288,67495233807;125159,14;-8044,716000845185
2026-01-10;SARIMA;6279,08;12060,320829830744;0,0;23721,925697643266;6279,08;-11661,604867812523
2026-01-11;SARIMA;4849,7;15357,680746672599;14174,3;22780,81991302462;-9324,6;-7423,139166352023
2026-01-12;SARIMA;6209,93;11838,661001725539;43162,13;23257,305478562706;-36952,2;-11418,644476837168
2026-01-13;SARIMA;38277,77;13914,950229925777;0,0;23004,892057692465;38277,77;-9089,941827766688
2026-01-14;XGBoost;26802,13;39254,01580467102;14562,88;26736,177472177915;12239,250000000002;12517,838332493106
2026-01-15;XGBoost;21532,03;41535,668335205955;56784,21;24682,97686723875;-35252,18;16852,691467967205
2026-01-16;XGBoost;32279,04;43882,01154067735;1886,82;21399,00731035124;30392,22;22483,004230326107
2026-01-17;XGBoost;85640,81;36068,0727434047;0,0;22775,048875941706;85640,81;13293,023867462995
2026-01-18;XGBoost;59629,5;45894,9934341432;6052,6;21997,478154134573;53576,9;23897,51528000863
2026-01-19;XGBoost;28824,980000000003;35405,672292725256;0,0;22712,56582304027;28824,980000000003;12693,106469684986
2026-01-20;XGBoost;15113,61;41952,87834917256;0,0;22086,63612211556;15113,61;19866,242227057002
2026-01-14;SARIMA;26802,13;9819,002280468963;14562,88;11055,692208164772;12239,250000000002;-1236,6899276958084
2026-01-15;SARIMA;21532,03;10389,7350052949;56784,21;10206,672038641787;-35252,18;183,0629666531131
2026-01-16;SARIMA;32279,04;10976,64946010961;1886,82;8848,715888039751;30392,22;2127,933572069858
2026-01-17;SARIMA;85640,81;9022,070258540756;0,0;9417,72363159772;85640,81;-395,6533730569645
2026-01-18;SARIMA;59629,5;11480,176892839994;6052,6;9096,189912750817;53576,9;2383,9869800891775
2026-01-19;SARIMA;28824,980000000003;8856,377363113961;0,0;9391,886228258234;28824,980000000003;-535,5088651442729
2026-01-20;SARIMA;15113,61;10494,095947598416;0,0;9133,057675651064;15113,61;1361,0382719473528
2026-01-21;XGBoost;3682,36;32579,677381709957;0,0;19596,886441848375;3682,36;12982,790939861581
2026-01-22;XGBoost;22031,54;34412,06454286923;11414,93;18372,905230847704;10616,61;16039,159312021526
2026-01-23;XGBoost;23626,92;36441,58468843192;0,0;15621,5573807075;23626,92;20820,02730772442
2026-01-24;XGBoost;5670,8;30483,361841431743;2998,29;16613,067603748692;2672,51;13870,29423768305
2026-01-25;XGBoost;4146,2;38345,57259731994;0,0;16085,112445440534;4146,2;22260,4601518794
2026-01-26;XGBoost;51350,79;29427,427948647022;23247,29;16567,489867007287;28103,5;12859,938081639735
2026-01-27;XGBoost;5021,67;34698,139124590205;32079,84;16110,910717899911;-27058,17;18587,228406690294
2026-01-21;SARIMA;3682,36;37218,625933136806;0,0;10762,482676841308;3682,36;26456,143256295498
2026-01-22;SARIMA;22031,54;39311,9226689159;11414,93;10090,280150217313;10616,61;29221,642518698583
2026-01-23;SARIMA;23626,92;41630,421720839244;0,0;8579,257791488699;23626,92;33051,16392935054
2026-01-24;SARIMA;5670,8;34823,820637267374;2998,29;9123,78876231701;2672,51;25700,031874950364
2026-01-25;SARIMA;4146,2;43805,514277216156;0,0;8833,839220470067;4146,2;34971,67505674609
2026-01-26;SARIMA;51350,79;33617,53464169952;23247,29;9098,757765501034;28103,5;24518,77687619849
2026-01-27;SARIMA;5021,67;39638,73078065088;32079,84;8848,00746404592;-27058,17;30790,723316604963
2026-01-28;XGBoost;4239,12;25154,85762380168;17194,44;16789,21726941595;-12955,32;8365,64035438573
2026-01-29;XGBoost;1889,16;26695,312986658733;0,0;15803,994967095894;1889,16;10891,31801956284
2026-01-30;XGBoost;5054,349999999999;28271,77279309814;16434,4;13383,438319633844;-11380,050000000005;14888,334473464294
2026-01-31;XGBoost;5263,26;23551,701163232712;0,0;14249,545975215198;5263,26;9302,155188017514
2026-02-01;XGBoost;1826,36;29605,419791266555;0,0;13780,57930022969;1826,36;15824,840491036864
2026-02-02;XGBoost;4362,19;23053,648883066286;0,0;14322,959647921363;4362,19;8730,689235144922
2026-02-03;XGBoost;6618,21;26798,146133875878;0,0;13980,850457988077;6618,21;12817,2956758878
2026-01-28;SARIMA;4239,12;7446,649039243902;17194,44;10236,968861021103;-12955,32;-2790,3198217772015
2026-01-29;SARIMA;1889,16;7902,67350256519;0,0;9636,244606388547;1889,16;-1733,5711038233576
2026-01-30;SARIMA;5054,349999999999;8369,35644224205;16434,4;8160,3471521608535;-11380,050000000005;209,009290081196
2026-01-31;SARIMA;5263,26;6972,063029042928;0,0;8688,443069808523;5263,26;-1716,3800407655954
2026-02-01;SARIMA;1826,36;8764,158960551847;0,0;8402,497800791805;1826,36;361,6611597600422
2026-02-02;SARIMA;4362,19;6824,6234931464805;0,0;8733,205935724567;4362,19;-1908,5824425780866
2026-02-03;SARIMA;6618,21;7933,115430258807;0,0;8524,610081122346;6618,21;-591,4946508635394
2026-02-04;XGBoost;19295,52;20446,437460134402;0,0;12305,639289716275;19295,52;8140,7981704181275
2026-02-05;XGBoost;3256,63;21683,879334528337;39336,86;11518,007500885255;-36080,23;10165,871833643083
2026-02-06;XGBoost;13112,43;22981,567279743304;0,0;9820,419100337123;13112,43;13161,14817940618
2026-02-07;XGBoost;6396,37;19150,634262516596;0,0;10385,119570618128;6396,37;8765,514691898468
2026-02-08;XGBoost;4281,73;24046,168942316694;0,0;10043,334997072361;4281,73;14002,833945244332
2026-02-09;XGBoost;5938,66;18741,21084847118;0,0;10438,623715276339;5938,66;8302,58713319484
2026-02-10;XGBoost;4856,95;21793,9612472895;0,0;10189,29332609453;4856,95;11604,667921194969
2026-02-04;SARIMA;19295,52;8327,184305546922;0,0;3834,5388521537943;19295,52;4492,645453393127
2026-02-05;SARIMA;3256,63;8831,15506209416;39336,86;3589,1062806019936;-36080,23;5242,048781492166
2026-02-06;SARIMA;13112,43;9359,662129007933;0,0;3060,1237122353637;13112,43;6299,53841677257
2026-02-07;SARIMA;6396,37;7799,44483644287;0,0;3236,0890434255607;6396,37;4563,355793017309
2026-02-08;SARIMA;4281,73;9793,240559163562;0,0;3129,5861470320915;4281,73;6663,65441213147
2026-02-09;SARIMA;5938,66;7632,699689059135;0,0;3252,761376866589;5938,66;4379,938312192546
2026-02-10;SARIMA;4856,95;8875,98792738214;0,0;3175,0679680292887;4856,95;5700,919959352852
2026-02-11;XGBoost;9934,57;13674,960958669466;0,0;9723,540603402882;9934,57;3951,420355266584
2026-02-12;XGBoost;5365,3;14438,20978642363;10699,13;9226,992430419486;-5333,829999999999;5211,217356004143
2026-02-13;XGBoost;5176,59;15338,419667640559;0,0;7759,795457710256;5176,59;7578,624209930303
2026-02-14;XGBoost;3128,58;12764,618861705285;0,0;8206,004534887314;3128,58;4558,614326817971
2026-02-15;XGBoost;1622,04;16013,648041850716;0,0;7935,936796003867;1622,04;8077,711245846849
2026-02-16;XGBoost;19620,03;12490,521923363367;36425,64;8248,281877070523;-16805,61;4242,2400462928435
2026-02-17;XGBoost;5530,37;14517,43326034698;0,0;8051,268613005679;5530,37;6466,1646473413
2026-02-11;SARIMA;9934,57;26377,27812021827;0,0;17562,903583311432;9934,57;8814,374536906838
2026-02-12;SARIMA;5365,3;27849,489021986064;10699,13;16666,025785164034;-5333,829999999999;11183,46323682203
2026-02-13;SARIMA;5176,59;29585,880553573876;0,0;14015,93771329434;5176,59;15569,942840279537
2026-02-14;SARIMA;3128,58;24621,34282001956;0,0;14821,89177057636;3128,58;9799,4510494432
2026-02-15;SARIMA;1622,04;30888,311081531818;0,0;14334,088628445912;1622,04;16554,222453085906
2026-02-16;SARIMA;19620,03;24092,644332587202;36425,64;14898,254169295868;-16805,61;9194,390163291335
2026-02-17;SARIMA;5530,37;28002,301129577587;0,0;14542,403856890794;5530,37;13459,897272686792
2026-02-18;XGBoost;3745,98;15275,415885550467;0,0;15609,42550342456;3745,98;-334,00961787409324
2026-02-19;XGBoost;3621,64;16106,636840725625;19697,77;14867,239253500564;-16076,13;1239,3975872250612
2026-02-20;XGBoost;2492,95;17108,690953952813;0,0;12456,979824463418;2492,95;4651,711129489395
2026-02-21;XGBoost;27220,5;14232,921563003676;70933,85;13173,289616671165;-43713,350000000006;1059,6319463325108
2026-02-22;XGBoost;18096,57;17846,085655432045;13256,64;12739,743604686168;4839,93;5106,342050745878
2026-02-23;XGBoost;5480,3;13996,309348835779;0,0;13428,183748823036;5480,3;568,1256000127432
2026-02-24;XGBoost;4850,09;16195,580377499584;0,0;12924,888448431087;4850,09;3270,6919290684964
2026-02-18;SARIMA;3745,98;3099,193939503527;0,0;7104,144696411525;3745,98;-4004,950756907998
2026-02-19;SARIMA;3621,64;3267,8384442403185;19697,77;6766,361700490864;-16076,13;-3498,5232562505453
2026-02-20;SARIMA;2492,95;3471,1428948710827;0,0;5669,407060103009;2492,95;-2198,264165231926
2026-02-21;SARIMA;27220,5;2887,684667964802;70933,85;5995,413190833693;-43713,350000000006;-3107,728522868891
2026-02-22;SARIMA;18096,57;3620,751207140225;13256,64;5798,098203102859;4839,93;-2177,346995962634
2026-02-23;SARIMA;5480,3;2839,678960908713;0,0;6111,420330025066;5480,3;-3271,7413691163524
2026-02-24;SARIMA;4850,09;3285,8839935198384;0,0;5882,361122290362;4850,09;-2596,4771287705234
2026-02-25;XGBoost;51977,22;20651,163606471106;0,0;16139,17663117979;51977,22;4511,986975291316
2026-02-26;XGBoost;46083,09;21773,061836880624;0,0;15476,371573658971;46083,09;6296,690263221653
2026-02-27;XGBoost;56150,560000000005;23120,023945107296;92155,37;12879,743564806447;-36004,810000000005;10240,280380300848
2026-02-28;XGBoost;9329,64;19375,366653417066;0,0;13996,929518499059;9329,64;5378,437134918007
2026-03-01;XGBoost;6987,02;24203,73628299942;0,0;13242,47920061196;6987,02;10961,25708238746
2026-03-02;XGBoost;4790,84;18933,43979434529;1929,75;13883,908111201577;2861,09;5049,531683143712
2026-03-03;XGBoost;55237,33;21900,09850577919;0,0;13363,532025042205;55237,33;8536,566480736987
2026-02-25;SARIMA;51977,22;7173,8607185102;0,0;15706,42823876789;51977,22;-8532,56752025769
2026-02-26;SARIMA;46083,09;7563,588958461723;0,0;15061,395328468663;46083,09;-7497,80637000694
2026-02-27;SARIMA;56150,560000000005;8031,500536795309;92155,37;12534,392098017273;-36004,810000000005;-4502,891561221964
2026-02-28;SARIMA;9329,64;6730,670696837936;0,0;13621,622346004822;9329,64;-6890,951649166886
2026-03-01;SARIMA;6987,02;8407,963651374143;0,0;12887,40150882057;6987,02;-4479,437857446428
2026-03-02;SARIMA;4790,84;6577,152871152018;1929,75;13511,631442272288;2861,09;-6934,47857112027
2026-03-03;SARIMA;55237,33;7607,71932255105;0,0;13005,208478994044;55237,33;-5397,489156442994
2026-03-04;XGBoost;49897,83;28612,100627534415;0,0;17077,477651917587;49897,83;11534,622975616829
2026-03-05;XGBoost;6315,87;30099,44734927116;35855,95;16376,13836949582;-29540,08;13723,308979775338
2026-03-06;XGBoost;7807,05;32017,00468726807;6600,43;14146,214609477114;1206,62;17870,790077790953
2026-03-07;XGBoost;7878,150000000001;26541,230284986294;0,0;14810,684368237175;7878,150000000001;11730,545916749119
2026-03-08;XGBoost;20617,54;33119,45080908982;2580,29;14012,37174438821;18037,25;19107,07906470161
2026-03-09;XGBoost;21982,78;25902,593301325775;0,0;14701,93215678489;21982,78;11200,661144540885
2026-03-10;XGBoost;4550,87;30343,39169052445;69895,5;14140,46234969921;-65344,63;16202,929340825242
2026-03-04;SARIMA;49897,83;22490,225812550252;0,0;6836,9704359929665;49897,83;15653,255376557285
2026-03-05;SARIMA;6315,87;23659,338282440876;35855,95;6556,189161541718;-29540,08;17103,149120899157
2026-03-06;SARIMA;7807,05;25166,613057595318;6600,43;5663,438889369396;1206,62;19503,174168225923
2026-03-07;SARIMA;7878,150000000001;20862,441042787475;0,0;5929,459445147655;7878,150000000001;14932,98159763982
2026-03-08;SARIMA;20617,54;26033,178660334783;2580,29;5609,85488063385;18037,25;20423,32377970093
2026-03-09;SARIMA;21982,78;20360,44749251494;0,0;5885,9204829131095;21982,78;14474,527009601832
2026-03-10;SARIMA;4550,87;23851,088038668164;69895,5;5661,135971406727;-65344,63;18189,952067261438
2026-03-11;XGBoost;7121,0;22330,45024392112;6588,41;18647,83713257486;532,5900000000001;3682,6131113462616
2026-03-12;XGBoost;1836,76;23217,7981841292;0,0;18101,94204622804;1836,76;5115,856137901159
2026-03-13;XGBoost;5302,98;24703,39167354273;0,0;15487,515993769977;5302,98;9215,875679772753
2026-03-14;XGBoost;3577,47;20486,771437659114;0,0;16172,600869417442;3577,47;4314,170568241672
2026-03-15;XGBoost;20920,38;25628,280438071783;9755,1;15316,706578836604;11165,28;10311,573859235179
2026-03-16;XGBoost;5855,27;20078,469283974;0,0;16053,848348213476;5855,27;4024,620935760522
2026-03-17;XGBoost;46245,74;23395,213738702063;0,0;15869,478718459595;46245,74;7525,735020242468
2026-03-11;SARIMA;7121,0;20809,6653900246;6588,41;24187,635930835324;532,5900000000001;-3377,9705408107257
2026-03-12;SARIMA;1836,76;21636,581709156337;0,0;23479,569278862928;1836,76;-1842,9875697065909
2026-03-13;SARIMA;5302,98;23021,000880404812;0,0;20088,463646860073;5302,98;2932,537233544739
2026-03-14;SARIMA;3577,47;19091,54781398349;0,0;20977,069839421474;3577,47;-1885,5220254379856
2026-03-15;SARIMA;20920,38;23882,9013572249;9755,1;19866,911092931427;11165,28;4015,990264293472
2026-03-16;SARIMA;5855,27;18711,052521528443;0,0;20823,038960219255;5855,27;-2111,986438690812
2026-03-17;SARIMA;46245,74;21801,91461938962;0,0;20583,8977960464;46245,74;1218,0168233432196
2026-03-18;XGBoost;91961,1;17755,335482411567;0,0;9391,478002231852;91961,1;8363,857480179715
2026-03-19;XGBoost;7036,02;18434,71612672958;0,0;9096,838608551567;7036,02;9337,877518178015
2026-03-20;XGBoost;8682,21;19630,002125054296;0,0;7783,001021818197;8682,21;11847,0011032361
2026-03-21;XGBoost;3603,71;16275,502857765074;95593,97;8127,279361181416;-91990,26;8148,223496583658
2026-03-22;XGBoost;4236,91;20437,41171169208;0,0;7727,2333990972875;4236,91;12710,178312594791
2026-03-23;XGBoost;21113,29;15962,172006396308;0,0;8067,602199637516;21113,29;7894,569806758792
2026-03-24;XGBoost;4675,52;18784,23468995111;0,0;7974,950219982167;4675,52;10809,284469968943
2026-03-18;SARIMA;91961,1;32729,28309756437;0,0;0,0;91961,1;32729,28309756437
2026-03-19;SARIMA;7036,02;33981,61885100123;0,0;0,0;7036,02;33981,61885100123
2026-03-20;SARIMA;8682,21;36184,94831557133;0,0;0,0;8682,21;36184,94831557133
2026-03-21;SARIMA;3603,71;30001,434842765393;95593,97;0,0;-91990,26;30001,434842765393
2026-03-22;SARIMA;4236,91;37673,286114816685;0,0;0,0;4236,91;37673,286114816685
2026-03-23;SARIMA;21113,29;29423,856674906616;0,0;0,0;21113,29;29423,856674906616
2026-03-24;SARIMA;4675,52;34625,90360782057;0,0;0,0;4675,52;34625,90360782057
2026-03-25;XGBoost;5178,51;16388,84712872028;0,0;5984,952161464346;5178,51;10403,894967255936
2026-03-26;XGBoost;52424,62;16641,37251922985;0,0;5797,185904050945;52424,62;10844,186615178907
2026-03-27;XGBoost;46633,47;17725,41985809866;0,0;4959,910333297938;46633,47;12765,50952480072
2026-03-28;XGBoost;6000,81;14681,163220125292;0,0;5367,0937047789475;6000,81;9314,069515346346
2026-03-29;XGBoost;7189,31;18434,152593942104;0,0;4924,3710333002255;7189,31;13509,781560641879
2026-03-30;XGBoost;2701,64;14472,97477756632;0,0;5141,279488817468;2701,64;9331,695288748851
2026-03-31;XGBoost;94662,82;16946,327714817486;28283,94;5082,234718040126;66378,87999999999;11864,092996777359
2026-03-25;SARIMA;5178,51;23509,201891673787;0,0;18119,07695782644;5178,51;5390,124933847346
2026-03-26;SARIMA;52424,62;23871,440329901674;0,0;17550,626086980374;52424,62;6320,8142429213
2026-03-27;SARIMA;46633,47;25426,466595595353;0,0;15015,82545832005;46633,47;10410,641137275303
2026-03-28;SARIMA;6000,81;21059,59177212067;0,0;16248,548234504531;6000,81;4811,04353761614
2026-03-29;SARIMA;7189,31;26443,117787916464;0,0;14908,2323992089;7189,31;11534,885388707564
2026-03-30;SARIMA;2701,64;20760,95306439516;0,0;15564,909494077874;2701,64;5196,043570317284
2026-03-31;SARIMA;94662,82;24308,887406238173;28283,94;15386,15505848517;66378,87999999999;8922,732347753003
2026-04-01;XGBoost;14036,92;20569,99874627051;0,0;15919,791126487042;14036,92;4650,2076197834685
2026-04-02;XGBoost;6632,55;21137,329625065213;0,0;15420,33857983675;6632,55;5716,991045228462
2026-04-03;XGBoost;5768,21;22465,380581811358;4991,39;13193,210970108821;776,8199999999997;9272,169611702537
2026-04-04;XGBoost;5906,24;18433,87704961901;0,0;14276,306381613398;5906,24;4157,570668005614
2026-04-05;XGBoost;4988,0;23144,349708774535;20976,57;13098,677510612177;-15988,57;10045,672198162358
2026-04-06;XGBoost;5099,17;18155,410880481835;38375,36;13675,647419851772;-33276,19;4479,7634606300635
2026-04-07;XGBoost;7816,32;21743,79403297756;0,0;13666,379573990025;7816,32;8077,414458987534
2026-04-01;SARIMA;14036,92;12403,967148177418;0,0;0,0;14036,92;12403,967148177418
2026-04-02;SARIMA;6632,55;12746,074781217114;0,0;0,0;6632,55;12746,074781217114
2026-04-03;SARIMA;5768,21;13546,906159078597;4991,39;0,0;776,8199999999997;13546,906159078597
2026-04-04;SARIMA;5906,24;11115,858982659023;0,0;0,0;5906,24;11115,858982659023
2026-04-05;SARIMA;4988,0;13956,333055470843;20976,57;0,0;-15988,57;13956,333055470843
2026-04-06;SARIMA;5099,17;10947,940391293889;38375,36;0,0;-33276,19;10947,940391293889
2026-04-07;SARIMA;7816,32;13111,780422966242;0,0;0,0;7816,32;13111,780422966242
2026-04-08;XGBoost;7341,1;18761,22405363225;0,0;13764,597410578448;7341,1;4996,626643053802
2026-04-09;XGBoost;16287,32;19241,08017341144;0,0;13332,759883584056;16287,32;5908,320289827383
2026-04-10;XGBoost;10860,21;20443,810350321477;0,0;11429,687188478923;10860,21;9014,123161842554
2026-04-11;XGBoost;47804,15;16780,74533836672;0,0;12343,604780469434;47804,15;4437,140557897286
2026-04-12;XGBoost;6516,39;21057,07684237293;0,0;11420,169796724565;6516,39;9636,907045648366
2026-04-13;XGBoost;8953,539999999999;16523,78868853875;0,0;11997,635258787459;8953,539999999999;4526,15342975129
2026-04-14;XGBoost;12481,69;19797,930803356423;0,0;11816,248806377102;12481,69;7981,681996979321
2026-04-08;SARIMA;7341,1;15803,996962999661;0,0;15317,327596657862;7341,1;486,6693663417991
2026-04-09;SARIMA;16287,32;16208,21603943028;0,0;14836,776173888302;16287,32;1371,4398655419773
2026-04-10;SARIMA;10860,21;17221,366567821005;0,0;12719,02532061762;10860,21;4502,341247203385
2026-04-11;SARIMA;47804,15;14135,690059789782;0,0;13736,038367589044;47804,15;399,65169220073767
2026-04-12;SARIMA;6516,39;17737,96728375426;0,0;12708,434309270266;6516,39;5029,532974483995
2026-04-13;SARIMA;8953,539999999999;13919,236053276409;0,0;13351,041382643507;8953,539999999999;568,1946706329018
2026-04-14;SARIMA;12481,69;16677,29341089268;0,0;13149,193436765354;12481,69;3528,0999741273245
2026-04-15;XGBoost;8801,28;18334,061531956762;68639,91;10137,753289229575;-59838,630000000005;8196,308242727187
2026-04-16;XGBoost;9054,37;18844,204857638164;0,0;9819,700956922663;9054,37;9024,503900715501
2026-04-17;XGBoost;7693,42;19991,799183425795;0,0;8418,070317175947;7693,42;11573,728866249849
2026-04-18;XGBoost;6490,79;16592,719675614197;38532,48;9091,179075675933;-32041,69;7501,540599938264
2026-04-19;XGBoost;8531,63;20569,533680824126;0,0;8411,060670131097;8531,63;12158,47301069303
2026-04-20;XGBoost;10322,7;16159,27582653433;10962,32;8836,369323397297;-639,619999999999;7322,906503137032
2026-04-21;XGBoost;60384,57;19369,444306506637;3694,53;8702,776523717477;56690,04;10666,66778278916
2026-04-15;SARIMA;8801,28;18134,878123989976;68639,91;0,0;-59838,630000000005;18134,878123989976
2026-04-16;SARIMA;9054,37;18639,479192382474;0,0;0,0;9054,37;18639,479192382474
2026-04-17;SARIMA;7693,42;19774,60591799459;0,0;0,0;7693,42;19774,60591799459
2026-04-18;SARIMA;6490,79;16412,45441105917;38532,48;0,0;-32041,69;16412,45441105917
2026-04-19;SARIMA;8531,63;20346,06383963849;0,0;0,0;8531,63;20346,06383963849
2026-04-20;SARIMA;10322,7;15983,7195471036;10962,32;0,0;-639,619999999999;15983,7195471036
2026-04-21;SARIMA;60384,57;19159,012377898343;3694,53;0,0;56690,04;19159,012377898343
2026-04-22;XGBoost;7740,5;27560,823819499412;27199,23;9355,336664919427;-19458,73;18205,487154579983
2026-04-23;XGBoost;6880,93;28327,758670619743;0,0;8862,174759830532;6880,93;19465,58391078921
2026-04-24;XGBoost;7903,69;30039,39585362389;42073,66;7597,2181453002695;-34169,97;22442,17770832362
2026-04-25;XGBoost;74538,4;24932,730973400536;0,0;8320,403177266406;74538,4;16612,32779613413
2026-04-26;XGBoost;8164,98;30911,838219838646;2542,65;7590,892014047526;5622,33;23320,946205791122
2026-04-27;XGBoost;7126,56;24309,66569494233;59390,86;8007,6479483142575;-52264,3;16302,017746628073
2026-04-28;XGBoost;23281,49;29477,818018075428;0,0;7865,25697782158;23281,49;21612,561040253848
2026-04-22;SARIMA;7740,5;17823,275933378027;27199,23;12496,68431865998;-19458,73;5326,591614718047
2026-04-23;SARIMA;6880,93;18319,244107768038;0,0;11837,927839163689;6880,93;6481,316268604349
2026-04-24;SARIMA;7903,69;19426,140694397967;42073,66;10148,22237427525;-34169,97;9277,918320122717
2026-04-25;SARIMA;74538,4;16123,717738698206;0,0;11114,239458657607;74538,4;5009,478280040599
2026-04-26;SARIMA;8164,98;19990,339396543197;2542,65;10139,772046076972;5622,33;9850,567350466225
2026-04-27;SARIMA;7126,56;15720,788404829356;59390,86;10696,466854077707;-52264,3;5024,321550751649
2026-04-28;SARIMA;23281,49;19062,974600866037;0,0;10506,263650087512;23281,49;8556,710950778524
2026-04-29;XGBoost;13532,24;22680,11900583998;0,0;26938,557195977028;13532,24;-4258,438190137047
2026-04-30;XGBoost;16773,51;23305,007701123537;54777,41;25297,639479697682;-38003,90000000001;-1992,6317785741448
2026-05-01;XGBoost;22026,21;24716,675480427406;27045,54;22047,402267740836;-5019,330000000002;2669,2732126865703
2026-05-02;XGBoost;8861,83;20908,89001357811;4374,06;23751,118163262414;4487,77;-2842,2281496843025
2026-05-03;XGBoost;28019,06;25434,712607388916;0,0;21690,47828633481;28019,06;3744,2343210541076
2026-05-04;XGBoost;43322,56;20006,437559757265;7262,19;23367,445739285202;36060,37;-3361,0081795279366
2026-05-05;XGBoost;49031,59;24344,595131884784;0,0;22451,874492702038;49031,59;1892,7206391827458
2026-04-29;SARIMA;13532,24;7791,986449895651;0,0;20743,504636004633;13532,24;-12951,51818610898
2026-04-30;SARIMA;16773,51;8006,673341313138;54777,41;19479,948313841025;-38003,90000000001;-11473,274972527888
2026-05-01;SARIMA;22026,21;8491,66622010966;27045,54;16977,16725604888;-5019,330000000002;-8485,50103593922
2026-05-02;SARIMA;8861,83;7183,462645244845;4374,06;18289,080077514478;4487,77;-11105,617432269633
2026-05-03;SARIMA;28019,06;8738,355206281443;0,0;16702,32498409146;28019,06;-7963,969777810018
2026-05-04;SARIMA;43322,56;6873,415890638467;7262,19;17993,64069493808;36060,37;-11120,224804299613
2026-05-05;SARIMA;49031,59;8363,834217404117;0,0;17288,623115120306;49031,59;-8924,78889771619
2026-05-06;XGBoost;7753,82;22366,51998993519;5448,84;28144,729896039782;2304,98;-5778,209906104592
2026-05-07;XGBoost;7628,5;22999,108174014527;0,0;26920,92471596558;7628,5;-3921,8165419510515
2026-05-08;XGBoost;7497,78;24416,38050321309;0,0;23276,792626807288;7497,78;1139,5878764058034
2026-05-09;XGBoost;12754,37;20599,197189636194;54561,58;24853,747349677647;-41807,21000000001;-4254,550160041454
2026-05-10;XGBoost;5890,88;25156,186800546464;30062,12;22661,668486684073;-24171,24;2494,5183138623906
2026-05-11;XGBoost;5929,94;19908,59417027914;0,0;24478,762000505627;5929,94;-4570,167830226488
2026-05-12;XGBoost;86290,33;24204,54442237539;36396,17;23457,156174319967;49894,16;747,3882480554239
2026-05-06;SARIMA;7753,82;22640,992275735458;5448,84;19580,550423706954;2304,98;3060,4418520285035
2026-05-07;SARIMA;7628,5;23281,343309150885;0,0;18729,137774669292;7628,5;4552,205534481593
2026-05-08;SARIMA;7497,78;24716,007793050834;0,0;16193,881178284168;7497,78;8522,126614766667
2026-05-09;SARIMA;12754,37;20851,981652343587;54561,58;17290,983249653156;-41807,21000000001;3560,9984026904312
2026-05-10;SARIMA;5890,88;25464,89267415897;30062,12;15765,93359139982;-24171,24;9698,959082759151
2026-05-11;SARIMA;5929,94;20152,90385061588;0,0;17030,10245368406;5929,94;3122,80139693182
2026-05-12;SARIMA;86290,33;24501,572151201915;36396,17;16319,361776240365;49894,16;8182,210374961551
2026-05-13;XGBoost;9661,29;18036,709002205425;0,0;22980,42465680795;9661,29;-4943,715654602525
2026-05-14;XGBoost;19164,69;18545,25797315167;124655,13;21943,129958083497;-105490,44;-3397,871984931826
2026-05-15;XGBoost;66295,86;19685,31651518326;0,0;18972,813564404794;66295,86;712,5029507784675
2026-05-16;XGBoost;10666,82;16637,247168264566;0,0;20656,480384976603;10666,82;-4019,2332167120367
2026-05-17;XGBoost;7010,04;20273,364897144933;0,0;18690,88104820256;7010,04;1582,4838489423746
2026-05-18;XGBoost;6824,91;16050,144141930581;5608,31;19952,53363163774;1216,5999999999997;-3902,3894897071586
2026-05-19;XGBoost;17372,57;19876,06186461955;15714,5;19385,51800588685;1658,0699999999997;490,54385873270076
2026-05-13;SARIMA;9661,29;11324,82284048534;0,0;23989,973770444;9661,29;-12665,150929958661
2026-05-14;SARIMA;19164,69;11644,128707258105;124655,13;22907,109855340143;-105490,44;-11262,981148082037
2026-05-15;SARIMA;66295,86;12359,944492427734;0,0;19806,304999100823;66295,86;-7446,360506673089
2026-05-16;SARIMA;10666,82;10446,133865713775;0,0;21563,93669942359;10666,82;-11117,802833709815
2026-05-17;SARIMA;7010,04;12729,166158449829;0,0;19511,98695364542;7010,04;-6782,820795195592
2026-05-18;SARIMA;6824,91;10077,505766123533;5608,31;20829,064981403113;1216,5999999999997;-10751,55921527958
2026-05-19;SARIMA;17372,57;12479,708984372928;15714,5;20237,139888967282;1658,0699999999997;-7757,430904594354
2026-05-20;XGBoost;5587,16;21553,930018429088;32535,25;16246,888367785488;-26948,09;5307,0416506435995
2026-05-21;XGBoost;7995,12;22212,097574566167;20423,07;16156,877325338324;-12427,95;6055,220249227843
2026-05-22;XGBoost;12398,07;23828,717954161104;40313,02;13413,554736568898;-27914,95;10415,163217592206
2026-05-23;XGBoost;7834,3;19891,160579811076;75252,05;14603,8872604838;-67417,75;5287,273319327276
2026-05-24;XGBoost;8465,23;24205,704154687905;0,0;13214,231782951083;8465,23;10991,472371736822
2026-05-25;XGBoost;12635,76;19170,29210888985;23357,36;14135,14967271866;-10721,6;5035,142436171191
2026-05-26;XGBoost;112618,2;23788,72260945483;134102,22;13786,434291653753;-21484,020000000004;10002,288317801078
2026-05-20;SARIMA;5587,16;28370,608851241534;32535,25;19519,623504143172;-26948,09;8850,985347098362
2026-05-21;SARIMA;7995,12;29236,929484080985;20423,07;19411,48084814586;-12427,95;9825,448635935125
2026-05-22;SARIMA;12398,07;31364,824694430947;40313,02;16115,549783009266;-27914,95;15249,27491142168
2026-05-23;SARIMA;7834,3;26181,969409965837;75252,05;17545,6601023259;-67417,75;8636,309307639938
2026-05-24;SARIMA;8465,23;31861,037126609986;0,0;15876,075680505548;8465,23;15984,961446104438
2026-05-25;SARIMA;12635,76;25233,11797525244;23357,36;16982,501112844708;-10721,6;8250,616862407733
2026-05-26;SARIMA;112618,2;31312,18036091209;134102,22;16563,541322243367;-21484,020000000004;14748,639038668724
2026-05-27;XGBoost;8506,85;32821,53821341713;53060,18;55245,680180399526;-44553,33;-22424,141966982395
2026-05-28;XGBoost;5908,08;33842,36530467736;9901,41;54732,35228762897;-3993,33;-20889,98698295161
2026-05-29;XGBoost;8738,43;36337,2040563985;74297,73;45844,907522311165;-65559,29999999999;-9507,703465912666
2026-05-30;XGBoost;9863,47;30311,790473682828;54366,12;50457,97749561112;-44502,65;-20146,187021928294
2026-05-31;XGBoost;15436,06;36877,768829867564;29067,82;44473,83527798862;-13631,76;-7596,066448121055
2026-06-01;XGBoost;146222,78;29255,533811534537;38238,41;47978,991275525805;107984,37;-18723,457463991268
2026-06-02;XGBoost;11257,8;37109,268060422095;72897,38;48728,97471053484;-61639,58;-11619,706650112748
2026-05-27;SARIMA;8506,85;47558,22396693141;53060,18;42407,40903050964;-44553,33;5150,814936421768
2026-05-28;SARIMA;5908,08;49037,396671208226;9901,41;42013,37087504832;-3993,33;7024,025796159905
2026-05-29;SARIMA;8738,43;52652,403967460734;74297,73;35191,235566582865;-65559,29999999999;17461,16840087787
2026-05-30;SARIMA;9863,47;43921,61363103951;54366,12;38732,29696007621;-44502,65;5189,316670963301
2026-05-31;SARIMA;15436,06;53435,679278877;29067,82;34138,78003910085;-13631,76;19296,899239776154
2026-06-01;SARIMA;146222,78;42391,10367814288;38238,41;36829,39012151668;107984,37;5561,7135566262
2026-06-02;SARIMA;11257,8;53771,12035977016;72897,38;37405,0886049217;-61639,58;16366,03175484846
2026-06-03;XGBoost;4321,58;43291,96588061268;5942,33;46921,72609860327;-1620,75;-3629,760217990588
2026-06-04;XGBoost;9809,41;44607,128261236976;0,0;45866,635597763816;9809,41;-1259,50733652684
2026-06-05;XGBoost;8837,76;47921,73352480662;0,0;39376,56746417442;8837,76;8545,166060632204
2026-06-06;XGBoost;53028,670000000006;40003,53528285938;0,0;42941,068388015534;53028,670000000006;-2937,5331051561516
2026-06-07;XGBoost;39874,29;48706,47122152844;9928,26;37574,870810609864;29946,03;11131,600410918574
2026-06-08;XGBoost;74026,26;40104,82814846023;65307,95;40636,120456634184;8718,30999999999;-531,2923081739573
2026-06-09;XGBoost;106497,34;48965,46268049568;0,0;41765,573684198906;106497,34;7199,888996296773
2026-06-03;SARIMA;4321,58;52083,42665021622;5942,33;46872,228879307586;-1620,75;5211,197770908635
2026-06-04;SARIMA;9809,41;53665,66395432175;0,0;45818,25138197928;9809,41;7847,412572342473
2026-06-05;SARIMA;8837,76;57653,37845533639;0,0;39335,029550782456;8837,76;18318,34890455393
2026-06-06;SARIMA;53028,670000000006;48127,20220190325;0,0;42895,770321309166;53028,670000000006;5231,431880594086
2026-06-07;SARIMA;39874,29;58597,47575920066;9928,26;37535,23348745147;29946,03;21062,242271749186
2026-06-08;SARIMA;74026,26;48249,06498702742;65307,95;40593,2538544691;8718,30999999999;7655,811132558323
2026-06-09;SARIMA;106497,34;58909,061578457564;0,0;41721,515634089825;106497,34;17187,54594436774
2026-06-10;XGBoost;8246,06;38124,71873111258;0,0;26436,408949798562;8246,06;11688,30978131402
2026-06-11;XGBoost;75015,41;39334,44674736023;0,0;25794,55301582086;75015,41;13539,893731539367
2026-06-12;XGBoost;56450,77;42240,8940174724;0,0;22144,65795885002;56450,77;20096,236058622377
2026-06-13;XGBoost;83783,42;35700,609476665035;29295,23;24149,267777221892;54488,19;11551,341699443143
2026-06-14;XGBoost;103627,53;43229,84810925088;24790,58;21212,43650249336;78836,95;22017,41160675752
2026-06-15;XGBoost;7379,1;35991,75472331958;65690,98000000001;23385,953389153154;-58311,88000000001;12605,801334166426
2026-06-16;XGBoost;47769,66;44098,72819481932;100004,38;23488,191156662146;-52234,72000000001;20610,537038157174
2026-06-10;SARIMA;8246,06;40144,75217769735;0,0;22305,286952782397;8246,06;17839,465224914955
2026-06-11;SARIMA;75015,41;41418,57748135913;0,0;21763,73152379408;75015,41;19654,84595756505
2026-06-12;SARIMA;56450,77;44479,022496025675;0,0;18684,192364452356;56450,77;25794,83013157332
2026-06-13;SARIMA;83783,42;37592,201798039256;29295,23;20375,549057869306;54488,19;17216,65274016995
2026-06-14;SARIMA;103627,53;45520,37619648374;24790,58;17897,64578291544;78836,95;27622,7304135683
2026-06-15;SARIMA;7379,1;37898,77333911985;65690,98000000001;19731,515048053825;-58311,88000000001;18167,258291066024
2026-06-16;SARIMA;47769,66;46435,293784552814;100004,38;19817,776489463296;-52234,72000000001;26617,517295089518
2026-06-17;XGBoost;39961,34;48896,25049762393;0,0;29978,922382473153;39961,34;18917,328115150776
2026-06-18;XGBoost;111517,88;51266,80840537552;70830,44;29251,05691246975;40687,43999999999;22015,751492905772
2026-06-19;XGBoost;90004,61;54758,061296905515;62628,55;25112,07113626677;27376,06;29645,990160638743
2026-06-20;XGBoost;10658,8;46723,945315132114;87742,37;27656,40010046752;-77083,56999999999;19067,545214664595
2026-06-21;XGBoost;29617,73;56604,77495696801;19824,15;24284,343441741206;9793,579999999998;32320,431515226803
2026-06-22;XGBoost;35856,47;46155,656327807956;35543,53;27127,60778119722;312,9400000000023;19028,048546610735
2026-06-23;XGBoost;62765,98;57028,94070018694;17626,54;27561,082620384364;45139,44;29467,858079802576
2026-06-17;SARIMA;39961,34;89301,70008691312;0,0;20958,237414443443;39961,34;68343,46267246967
2026-06-18;SARIMA;111517,88;93631,17012116409;70830,44;20449,387325321317;40687,43999999999;73181,78279584277
2026-06-19;SARIMA;90004,61;100007,42219517803;62628,55;17555,826127691962;27376,06;82451,59606748607
2026-06-20;SARIMA;10658,8;85334,30905120255;87742,37;19334,56419612033;-77083,56999999999;65999,74485508222
2026-06-21;SARIMA;29617,73;103380,16893422135;19824,15;16977,162448088893;9793,579999999998;86403,00648613245
2026-06-22;SARIMA;35856,47;84296,41407577526;35543,53;18964,885965902144;312,9400000000023;65331,52810987312
2026-06-23;SARIMA;62765,98;104154,84432553628;17626,54;19267,927832349724;45139,44;84886,91649318655
2026-06-24;XGBoost;19909,42;52864,93347800149;51141,83;35135,483526543576;-31232,41;17729,449951457915
2026-06-25;XGBoost;29059,0;56345,60812307158;0,0;35050,63171119162;29059,0;21294,976411879958
2026-06-26;XGBoost;6772,4;59799,03350602972;13612,580000000002;30110,75877672334;-6840,180000000002;29688,27472930638
2026-06-27;XGBoost;67170,95;50153,4530201234;52952,130000000005;33365,10700170012;14218,819999999992;16788,346018423283
2026-06-28;XGBoost;71851,78;60979,730595759494;24847,3;28676,409861216554;47004,48;32303,32073454294
2026-06-29;XGBoost;50762,68;49877,3128485638;108313,82;32179,222219413587;-57551,14000000001;17698,090629150214
2026-06-30;XGBoost;0,0;61870,7096784505;123882,75;32492,9337782112;-123882,75;29377,775900239296
2026-06-24;SARIMA;19909,42;26784,670182086364;51141,83;40076,23173630348;-31232,41;-13291,561554217118
2026-06-25;SARIMA;29059,0;28548,196895274184;0,0;39979,44806708994;29059,0;-11431,251171815758
2026-06-26;SARIMA;6772,4;30297,917433927094;13612,580000000002;34344,93069037349;-6840,180000000002;-4047,0132564463966
2026-06-27;SARIMA;67170,95;25410,865185251198;52952,130000000005;38056,905040072364;14218,819999999992;-12646,039854821167
2026-06-28;SARIMA;71851,78;30896,132168208773;24847,3;32708,883772586258;47004,48;-1812,751604377485
2026-06-29;SARIMA;50762,68;25270,955363510355;108313,82;36704,261257283186;-57551,14000000001;-11433,305893772831
2026-06-30;SARIMA;0,0;31347,557703037965;123882,75;37062,086904373886;-123882,75;-5714,529201335921
