periodenbeginn;periodenende;Modell;Trainingswochen;Ist_Cash_In;Prognose_Cash_In;Ist_Cash_Out;Prognose_Cash_Out;Ist_Netto_Cashflow;Prognose_Netto_Cashflow
2025-07-02;2025-07-08;XGBoost;104;479755,43;410563,3125;310007,14;279069,46875;169748,29000000004;131493,84375
2025-07-02;2025-07-08;SARIMA;104;479755,43;220091,23839208815;310007,14;174362,0243854799;169748,29000000004;45729,214006608265
2025-07-09;2025-07-15;XGBoost;105;405056,5;201612,5;316311,63;291505,90625;88744,87;-89893,40625
2025-07-09;2025-07-15;SARIMA;105;405056,5;253744,75808128505;316311,63;311986,04854460305;88744,87;-58241,290463318
2025-07-16;2025-07-22;XGBoost;106;339534,77;403904,875;298452,29;304396,1875;41082,48000000001;99508,6875
2025-07-16;2025-07-22;SARIMA;106;339534,77;354608,03676639823;298452,29;254692,5075050083;41082,48000000001;99915,52926138992
2025-07-23;2025-07-29;XGBoost;107;275244,85;304112,90625;246650,74;269723,0625;28594,11;34389,84375
2025-07-23;2025-07-29;SARIMA;107;275244,85;354001,21974494925;246650,74;223491,96934452516;28594,11;130509,25040042409
2025-07-30;2025-08-05;XGBoost;108;241267,9;291622,71875;156736,21000000002;285402,65625;84531,69;6220,0625
2025-07-30;2025-08-05;SARIMA;108;241267,9;251701,15867331924;156736,21000000002;177965,39026950396;84531,69;73735,76840381528
2025-08-06;2025-08-12;XGBoost;109;447028,6;295232,59375;192288,62;148364,59375;254739,98000000004;146868,0
2025-08-06;2025-08-12;SARIMA;109;447028,6;247601,15288561297;192288,62;140478,9011192302;254739,98000000004;107122,25176638277
2025-08-13;2025-08-19;XGBoost;110;221700,56;245335,046875;83003,56;255020,6875;138697,0;-9685,640625
2025-08-13;2025-08-19;SARIMA;110;221700,56;231619,2388064353;83003,56;134917,41646177083;138697,0;96701,82234466448
2025-08-20;2025-08-26;XGBoost;111;209450,66;374440,6875;127765,05;170585,84375;81685,61000000002;203854,84375
2025-08-20;2025-08-26;SARIMA;111;209450,66;258028,20102980803;127765,05;82634,3777062931;81685,61000000002;175393,82332351492
2025-08-27;2025-09-02;XGBoost;112;137906,99000000002;348746,75;75058,13;131236,515625;62848,85999999999;217510,234375
2025-08-27;2025-09-02;SARIMA;112;137906,99000000002;84146,74951700377;75058,13;105145,93500699339;62848,85999999999;-20999,185489989613
2025-09-03;2025-09-09;XGBoost;113;114091,2;275913,0625;188021,47;80134,484375;-73930,26999999999;195778,578125
2025-09-03;2025-09-09;SARIMA;113;114091,2;200438,27987821103;188021,47;0,0;-73930,26999999999;200438,27987821103
2025-09-10;2025-09-16;XGBoost;114;186026,83;172388,921875;126384,19;134276,625;59642,64000000001;38112,296875
2025-09-10;2025-09-16;SARIMA;114;186026,83;125037,1018052673;126384,19;166693,0950928146;59642,64000000001;-41655,99328754729
2025-09-17;2025-09-23;XGBoost;115;227471,69;129259,8828125;137721,32;148759,21875;89750,37;-19499,3359375
2025-09-17;2025-09-23;SARIMA;115;227471,69;251494,56527166563;137721,32;109994,50386384368;89750,37;141500,06140782195
2025-09-24;2025-09-30;XGBoost;116;306025,48;154743,515625;233518,17;149518,390625;72507,31;5225,125
2025-09-24;2025-09-30;SARIMA;116;306025,48;115375,14619884016;233518,17;155804,71352629812;72507,31;-40429,56732745796
2025-10-01;2025-10-07;XGBoost;117;198879,79;217051,28125;23560,71;155398,796875;175319,08;61652,484375
2025-10-01;2025-10-07;SARIMA;117;198879,79;269028,95561259;23560,71;67368,16915079445;175319,08;201660,78646179556
2025-10-08;2025-10-14;XGBoost;118;318997,02;164487,09375;50832,02;125384,171875;268165,0;39102,921875
2025-10-08;2025-10-14;SARIMA;118;318997,02;126858,88549166553;50832,02;246448,65570741496;268165,0;-119589,77021574944
2025-10-15;2025-10-21;XGBoost;119;191944,26;214754,0625;79625,28;70282,390625;112318,98;144471,671875
2025-10-15;2025-10-21;SARIMA;119;191944,26;209955,33482114243;79625,28;52755,83532877659;112318,98;157199,49949236584
2025-10-22;2025-10-28;XGBoost;120;235164,23;156376,15625;90516,11;105806,9296875;144648,12;50569,2265625
2025-10-22;2025-10-28;SARIMA;120;235164,23;78550,23914215593;90516,11;40516,30488172688;144648,12;38033,93426042905
2025-10-29;2025-11-04;XGBoost;121;170859,53;142981,625;138518,5;60626,93359375;32341,029999999977;82354,69140625
2025-10-29;2025-11-04;SARIMA;121;170859,53;115704,59977403446;138518,5;135651,64850773543;32341,029999999977;-19947,04873370097
2025-11-05;2025-11-11;XGBoost;122;183632,76;164186,8125;175750,31;119242,9140625;7882,450000000008;44943,8984375
2025-11-05;2025-11-11;SARIMA;122;183632,76;156247,41569686853;175750,31;138362,06130628358;7882,450000000008;17885,35439058495
2025-11-12;2025-11-18;XGBoost;123;334385,17;180061,078125;337247,6;97190,71875;-2862,4300000000003;82870,359375
2025-11-12;2025-11-18;SARIMA;123;334385,17;228294,60510160608;337247,6;143714,33330761443;-2862,4300000000003;84580,27179399165
2025-11-19;2025-11-25;XGBoost;124;218801,09;322008,625;298238,48;302875,0625;-79437,39;19133,5625
2025-11-19;2025-11-25;SARIMA;124;218801,09;158153,24542001903;298238,48;253592,15089664276;-79437,39;-95438,90547662374
2025-11-26;2025-12-02;XGBoost;125;255074,96;233328,03125;262662,01;296853,28125;-7587,049999999988;-63525,25
2025-11-26;2025-12-02;SARIMA;125;255074,96;126489,54643770651;262662,01;251558,22312956653;-7587,049999999988;-125068,67669186002
2025-12-03;2025-12-09;XGBoost;126;296848,42;278279,59375;407354,86;235703,890625;-110506,44;42575,703125
2025-12-03;2025-12-09;SARIMA;126;296848,42;296054,16569082165;407354,86;339702,457598265;-110506,44;-43648,291907443374
2025-12-10;2025-12-16;XGBoost;127;390901,51;277917,90625;201235,83;304993,90625;189665,68;-27076,0
2025-12-10;2025-12-16;SARIMA;127;390901,51;126815,79804105528;201235,83;277208,8306543554;189665,68;-150393,03261330014
2025-12-17;2025-12-23;XGBoost;128;292348,29;292772,0;138500,49;151985,984375;153847,8;140786,015625
2025-12-17;2025-12-23;SARIMA;128;292348,29;416137,9168643242;138500,49;170300,88951159315;153847,8;245837,02735273103
2025-12-24;2025-12-30;XGBoost;129;596588,31;282021,625;195390,05;129345,328125;401198,26;152676,296875
2025-12-24;2025-12-30;SARIMA;129;596588,31;106409,53913081715;195390,05;50317,85014183223;401198,26;56091,688988984926
2025-12-31;2026-01-06;XGBoost;130;222326,77;352257,875;245037,27;146381,046875;-22710,499999999985;205876,828125
2025-12-31;2026-01-06;SARIMA;130;222326,77;643291,5655554397;245037,27;211719,37613577157;-22710,499999999985;431572,1894196681
2026-01-07;2026-01-13;XGBoost;131;226674,19;293386,34375;64237,60999999999;215564,125;162436,58000000002;77822,21875
2026-01-07;2026-01-13;SARIMA;131;226674,19;94313,5029512627;64237,60999999999;168546,65094479683;162436,58000000002;-74233,14799353413
2026-01-14;2026-01-20;XGBoost;132;269822,1;283993,3125;79286,51;162389,890625;190535,59;121603,421875
2026-01-14;2026-01-20;SARIMA;132;269822,1;71038,10720796659;79286,51;67149,93758310414;190535,59;3888,1696248624503
2026-01-21;2026-01-27;XGBoost;133;115530,28;236387,828125;69740,35;118967,9296875;45789,93;117419,8984375
2026-01-21;2026-01-27;SARIMA;133;115530,28;270046,57065972587;69740,35;65336,41383088135;45789,93;204710,1568288445
2026-01-28;2026-02-03;XGBoost;134;29252,65;183130,859375;33628,84;102310,5859375;-4376,190000000003;80820,2734375
2026-01-28;2026-02-03;SARIMA;134;29252,65;54212,63989705121;33628,84;62382,31750701774;-4376,190000000003;-8169,677609966529
2026-02-04;2026-02-10;XGBoost;135;57138,29;148843,859375;39336,86;74700,4375;17801,429999999997;74143,421875
2026-02-04;2026-02-10;SARIMA;135;57138,29;60619,37450869672;39336,86;23277,27338034468;17801,429999999997;37342,101128352035
2026-02-11;2026-02-17;XGBoost;136;50377,48;99237,8125;47124,77;59151,8203125;3252,71;40085,9921875
2026-02-11;2026-02-17;SARIMA;136;50377,48;191417,24705949437;47124,77;106841,50550697872;3252,71;84575,74155251565
2026-02-18;2026-02-24;XGBoost;137;65508,03;110761,640625;103888,26;95199,75;-38380,23;15561,890625
2026-02-18;2026-02-24;SARIMA;137;65508,03;22472,17410814851;103888,26;43327,20630325738;-38380,23;-20855,03219510887
2026-02-25;2026-03-03;XGBoost;138;230555,7;149956,890625;94085,12;98982,140625;136470,58;50974,75
2026-02-25;2026-03-03;SARIMA;138;230555,7;52092,45675568238;94085,12;96328,07944134554;136470,58;-44235,62268566316
2026-03-04;2026-03-10;XGBoost;139;119050,09;206635,21875;114932,17;105265,28125;4117,919999999998;101369,9375
2026-03-04;2026-03-10;SARIMA;139;119050,09;162423,33238689182;114932,17;42142,96926700542;4117,919999999998;120280,3631198864
2026-03-11;2026-03-17;XGBoost;140;90859,6;159840,375;16343,51;115649,9296875;74516,09;44190,4453125
2026-03-11;2026-03-17;SARIMA;140;90859,6;148954,6642917122;16343,51;150006,5865451769;74516,09;-1051,9222534646979
2026-03-18;2026-03-24;XGBoost;141;141308,76;127279,375;95593,97;58168,3828125;45714,79000000001;69110,9921875
2026-03-18;2026-03-24;SARIMA;141;141308,76;234620,33150444616;95593,97;0,0;45714,79000000001;234620,33150444616
2026-03-25;2026-03-31;XGBoost;142;214791,18;115290,2578125;28283,94;37257,02734375;186507,24;78033,23046875
2026-03-25;2026-03-31;SARIMA;142;214791,18;165379,6588478413;28283,94;112793,37368940335;186507,24;52586,28515843794
2026-04-01;2026-04-07;XGBoost;143;50247,41;145650,140625;64343,32;99250,3515625;-14095,910000000003;46399,7890625
2026-04-01;2026-04-07;SARIMA;143;50247,41;87828,86094086312;64343,32;0,0;-14095,910000000003;87828,86094086312
2026-04-08;2026-04-14;XGBoost;144;110244,4;132605,65625;0,0;86104,703125;110244,4;46500,953125
2026-04-08;2026-04-14;SARIMA;144;110244,4;111703,76637796409;0,0;95817,83658743197;110244,4;15885,929790532115
2026-04-15;2026-04-21;XGBoost;145;111278,76;129861,0390625;121829,24;63416,91015625;-10550,480000000003;66444,12890625
2026-04-15;2026-04-21;SARIMA;145;111278,76;128450,21341006663;121829,24;0,0;-10550,480000000003;128450,21341006663
2026-04-22;2026-04-28;XGBoost;146;135636,55;195560,03125;131206,4;57598,9296875;4430,149999999987;137961,1015625
2026-04-22;2026-04-28;SARIMA;146;135636,55;126466,48087648084;131206,4;76939,57654099872;4430,149999999987;49526,90433548212
2026-04-29;2026-05-05;XGBoost;147;181567,0;161396,4375;93459,2;165544,515625;88107,79999999999;-4148,078125
2026-04-29;2026-05-05;SARIMA;147;181567,0;55449,39397088732;93459,2;127474,28907755886;88107,79999999999;-72024,89510667154
2026-05-06;2026-05-12;XGBoost;148;133745,62;159650,53125;126468,71;173793,78125;7276,909999999996;-14143,25
2026-05-06;2026-05-12;SARIMA;148;133745,62;161609,69370625753;126468,71;120909,95044763784;7276,909999999996;40699,743258619696
2026-05-13;2026-05-19;XGBoost;149;136996,18000000002;129104,1015625;145977,94;142581,78125;-8981,759999999995;-13477,6796875
2026-05-13;2026-05-19;SARIMA;149;136996,18000000002;81061,41081483125;145977,94;148845,51714832438;-8981,759999999995;-67784,10633349312
2026-05-20;2026-05-26;XGBoost;150;167533,84;154650,625;325982,97;101557,0234375;-158449,13;53093,6015625
2026-05-20;2026-05-26;SARIMA;150;167533,84;203560,6679024938;325982,97;122014,43235321781;-158449,13;81546,23554927598
2026-05-27;2026-06-02;XGBoost;151;205933,47;236555,46875;331829,05;347462,71875;-125895,58;-110907,25
2026-05-27;2026-06-02;SARIMA;151;205933,47;342767,5415534299;331829,05;266717,5711977562;-125895,58;76049,9703556737
2026-06-03;2026-06-09;XGBoost;152;296395,31;313601,125;81178,54000000001;295082,5625;215216,77;18518,5625
2026-06-03;2026-06-09;SARIMA;152;296395,31;377285,27358646324;81178,54000000001;294771,2831093889;215216,77;82513,99047707435
2026-06-10;2026-06-16;XGBoost;153;382271,95;278721,0;219781,17;166611,46875;162490,77999999997;112109,53125
2026-06-10;2026-06-16;SARIMA;153;382271,95;293488,9972732778;219781,17;140575,6972193307;162490,77999999997;152913,30005394708
2026-06-17;2026-06-23;XGBoost;154;380382,81;361434,4375;294195,58;190971,484375;86187,22999999998;170462,953125
2026-06-17;2026-06-23;SARIMA;154;380382,81;660106,0287899907;294195,58;133507,99130991782;86187,22999999998;526598,0374800728
2026-06-24;2026-06-30;XGBoost;155;245526,23;391890,78125;374750,41;227010,546875;-129224,18000000002;164880,234375
2026-06-24;2026-06-30;SARIMA;155;245526,23;198556,29493129594;374750,41;258932,7474680826;-129224,18000000002;-60376,45253678667
