;Erwartete_Einzahlungen;Erwartete_Auszahlungen;SARIMA_Cash_In;SARIMA_Cash_Out;Gesamt_Einzahlungen;Gesamt_Auszahlungen;Gesamt_Netto_Cashflow;Kumulierter_Forecast_Cashflow;Jahr;KW
2026-07-05;238569,38;27412,29;0,0;0,0;238569,38;27412,29;211157,09;211157,09;2026;27
2026-07-12;304137,36;180922,83;0,0;0,0;304137,36;180922,83;123214,53;334371,62;2026;28
2026-07-19;226083,25;333638,05000000005;0,0;0,0;226083,25;333638,05000000005;-107554,80000000005;226816,81999999995;2026;29
2026-07-26;161648,38999999998;277005,93;110105,18129032258;0,0;271753,5712903226;277005,93;-5252,358709677414;221564,46129032254;2026;30
2026-08-02;35361,82;149428,28;385368,13451612904;0,0;420729,95451612904;149428,28;271301,6745161291;492866,1358064516;2026;31
2026-08-09;26663,780000000002;140784,15;385368,13451612904;0,0;412031,91451612907;140784,15;271247,76451612904;764113,9003225807;2026;32
2026-08-16;0,0;0,0;385368,13451612904;95054,72322580645;385368,13451612904;95054,72322580645;290313,4112903226;1054427,3116129034;2026;33
2026-08-23;0,0;0,0;385368,13451612904;110897,17709677419;385368,13451612904;110897,17709677419;274470,9574193548;1328898,269032258;2026;34
2026-08-30;0,0;0,0;271428,5951612903;110897,17709677419;271428,5951612903;110897,17709677419;160531,41806451613;1489429,687096774;2026;35
2026-09-06;0,0;0,0;252438,67193548387;110897,17709677419;252438,67193548387;110897,17709677419;141541,49483870968;1630971,1819354838;2026;36
2026-09-13;0,0;0,0;252438,67193548387;137505,06258064514;252438,67193548387;137505,06258064514;114933,60935483873;1745904,7912903226;2026;37
2026-09-20;0,0;0,0;252438,67193548387;172982,24322580645;252438,67193548387;172982,24322580645;79456,42870967742;1825361,22;2026;38
2026-09-27;0,0;0,0;251805,98867741937;172982,24322580645;251805,98867741937;172982,24322580645;78823,74545161292;1904184,9654516128;2026;39
2026-10-04;0,0;0,0;250962,41100000002;172982,24322580645;250962,41100000002;172982,24322580645;77980,16777419357;1982165,1332258065;2026;40
2026-10-11;0,0;0,0;250962,41100000002;172982,24322580645;250962,41100000002;172982,24322580645;77980,16777419357;2060145,301;2026;41
2026-10-18;0,0;0,0;250962,41100000002;196432,33166666667;250962,41100000002;196432,33166666667;54530,07933333336;2114675,3803333333;2026;42
2026-10-25;0,0;0,0;250518,72058064517;196432,33166666667;250518,72058064517;196432,33166666667;54086,3889139785;2168761,7692473116;2026;43
2026-11-01;0,0;0,0;247856,57806451613;196432,33166666667;247856,57806451613;196432,33166666667;51424,24639784946;2220186,0156451613;2026;44
2026-11-08;0,0;0,0;247856,57806451613;196432,33166666667;247856,57806451613;196432,33166666667;51424,24639784946;2271610,262043011;2026;45
2026-11-15;0,0;0,0;247856,57806451613;219379,0394623656;247856,57806451613;219379,0394623656;28477,53860215054;2300087,8006451614;2026;46
2026-11-22;0,0;0,0;247856,57806451613;228557,72258064518;247856,57806451613;228557,72258064518;19298,855483870953;2319386,6561290324;2026;47
2026-11-29;0,0;0,0;346369,371827957;228557,72258064518;346369,371827957;228557,72258064518;117811,64924731181;2437198,3053763444;2026;48
2026-12-06;0,0;0,0;385774,48933333333;228557,72258064518;385774,48933333333;228557,72258064518;157216,76675268816;2594415,0721290326;2026;49
2026-12-13;0,0;0,0;385774,48933333333;214542,59146236558;385774,48933333333;214542,59146236558;171231,89787096775;2765646,97;2026;50
2026-12-20;0,0;0,0;385774,48933333333;179504,76366666667;385774,48933333333;179504,76366666667;206269,72566666667;2971916,695666667;2026;51
2026-12-27;0,0;0,0;346317,8766236559;179504,76366666667;346317,8766236559;179504,76366666667;166813,11295698924;3138729,808623656;2026;52
