Monat;Cash_In;Cash_Out;Netto_Cashflow
2023-07-01;60525,08;0,0;60525,08
2023-08-01;259443,13999999998;116484,53;142958,61
2023-09-01;452388,51;508319,45;-55930,939999999995
2023-10-01;779835,09;630560,99;149274,09999999998
2023-11-01;1134759,86;926653,4299999999;208106,43000000008
2023-12-01;1128394,48;753109,38;375285,1
2024-01-01;871755,25;421989,78;449765,47
2024-02-01;458455,36;398108,25;60347,11000000001
2024-03-01;671860,84;415588,44;256272,40000000002
2024-04-01;498484,80000000005;217655,41;280829,39
2024-05-01;700106,82;546231,06;153875,76
2024-06-01;864148,4400000001;693953,03;170195,41
2024-07-01;1311717,45;1068352,3599999999;243365,09000000003
2024-08-01;1000648,78;458787,06;541861,72
2024-09-01;741608,02;455486,45;286121,57
2024-10-01;670046,55;528592,29;141454,25999999998
2024-11-01;601227,33;461377,87;139849,46
2024-12-01;888425,94;719426,7;168999,24
2025-01-01;1031323,89;399576,01;631747,88
2025-02-01;345873,96;331790,83;14083,130000000008
2025-03-01;705036,1;377917,29;327118,81
2025-04-01;550266,52;270070,11;280196,41
2025-05-01;773413,53;999688,9;-226275,37
2025-06-01;1795572,24;1371939,06;423633,18
2025-07-01;1615602,39;1210190,24;405412,15
2025-08-01;1167095,6300000001;594225,41;572870,22
2025-09-01;841698,03;687502,87;154195,16
2025-10-01;989808,94;316518,55;673290,39
2025-11-01;1010050,28;1101298,43;-91248,15000000002
2025-12-01;1693209,46;1026737,54;666471,92
2026-01-01;842155,89;446808,31;395347,58
2026-02-01;349371,07;282505,26;66865,80999999998
2026-03-01;633024,8200000001;257083,34;375941,48
2026-04-01;437712,87;372156,37;65556,49999999997
2026-05-01;637989,78;857804,67;-219814,88999999998
2026-06-01;1462056,88;1081041,49;381015,3899999999
