periodenbeginn;periodenende;Cash_In;Cash_Out;Netto_Cashflow
2023-07-05;2023-07-11;1055,35;0,0;1055,35
2023-07-12;2023-07-18;11444,91;0,0;11444,91
2023-07-19;2023-07-25;20810,44;0,0;20810,44
2023-07-26;2023-08-01;31132,51;0,0;31132,51
2023-08-02;2023-08-08;32863,67;41353,61;-8489,940000000004
2023-08-09;2023-08-15;77470,04000000001;0,0;77470,04000000001
2023-08-16;2023-08-22;66225,74;29478,28;36747,46
2023-08-23;2023-08-29;63061,17;31669,43;31391,74
2023-08-30;2023-09-05;56550,88;54804,84;1746,0400000000063
2023-09-06;2023-09-12;72371,28;99957,87;-27586,59
2023-09-13;2023-09-19;180423,03;85491,25;94931,78
2023-09-20;2023-09-26;83502,52;129514,49;-46011,97000000001
2023-09-27;2023-10-03;200993,96;223945,62;-22951,660000000014
2023-10-04;2023-10-10;188115,71;0,0;188115,71
2023-10-11;2023-10-17;181567,18;277953,65;-96386,47
2023-10-18;2023-10-24;163319,3;204882,52;-41563,21999999999
2023-10-25;2023-10-31;120301,54;76313,41;43988,13
2023-11-01;2023-11-07;232032,2;278676,87;-46644,669999999984
2023-11-08;2023-11-14;257087,33;292732,11;-35644,779999999984
2023-11-15;2023-11-21;428106,69;220939,01;207167,68
2023-11-22;2023-11-28;139058,27000000002;94612,91;44445,36000000001
2023-11-29;2023-12-05;233684,93;120604,3;113080,63
2023-12-06;2023-12-12;383877,93;302332,45;81545,48
2023-12-13;2023-12-19;137679,19;181512,39;-43833,2
2023-12-20;2023-12-26;308159,91000000003;170841,21;137318,7
2023-12-27;2024-01-02;217218,47;69129,18;148089,29
2024-01-03;2024-01-09;233844,08;92149,96;141694,12
2024-01-10;2024-01-16;195247,01;33696,23;161550,78
2024-01-17;2024-01-23;187741,22;112778,4;74962,81999999999
2024-01-24;2024-01-30;146130,83;73418,06;72712,76999999999
2024-01-31;2024-02-06;69046,64;72265,25;-3218,610000000005
2024-02-07;2024-02-13;104388,16;33087,72;71300,44
2024-02-14;2024-02-20;177298,75;141693,86;35604,89
2024-02-21;2024-02-27;133721,36000000002;150203,78999999998;-16482,429999999993
2024-02-28;2024-03-05;57673,33;88728,6;-31055,27
2024-03-06;2024-03-12;232312,71;54109,49;178203,22000000003
2024-03-13;2024-03-19;221031,94;137143,34;83888,6
2024-03-20;2024-03-26;77342,12;67823,87;9518,250000000004
2024-03-27;2024-04-02;139720,94999999998;138758,83;962,1200000000026
2024-04-03;2024-04-09;108356,32;16517,72;91838,6
2024-04-10;2024-04-16;151098,6;153697,64;-2599,040000000001
2024-04-17;2024-04-23;91491,44;35651,5;55839,94
2024-04-24;2024-04-30;100360,21;0,0;100360,21
2024-05-01;2024-05-07;112434,01;104518,59;7915,420000000013
2024-05-08;2024-05-14;226500,37;50672,28;175828,09
2024-05-15;2024-05-21;165149,26;138098,54;27050,720000000005
2024-05-22;2024-05-28;113783,77000000002;158975,98;-45192,21
2024-05-29;2024-06-04;209140,68;149931,78999999998;59208,89
2024-06-05;2024-06-11;211699,18;119320,45;92378,72999999998
2024-06-12;2024-06-18;259182,74;204453,11;54729,630000000005
2024-06-19;2024-06-25;163682,21000000002;182050,09;-18367,880000000005
2024-06-26;2024-07-02;249618,81;192054,92;57563,890000000014
2024-07-03;2024-07-09;286914,13;116798,44;170115,69
2024-07-10;2024-07-16;191436,89;372455,42999999993;-181018,54
2024-07-17;2024-07-23;314430,32;319546,15;-5115,830000000016
2024-07-24;2024-07-30;364710,78;199660,68;165050,09999999998
2024-07-31;2024-08-06;285020,01;83327,42;201692,59
2024-08-07;2024-08-13;260405,22;69208,26999999999;191196,95
2024-08-14;2024-08-20;172337,97;65564,14;106773,83
2024-08-21;2024-08-27;263103,89;150816,7;112287,19
2024-08-28;2024-09-03;100399,96;234679,08;-134279,12
2024-09-04;2024-09-10;186355,53;53701,06;132654,47
2024-09-11;2024-09-17;155398,46;119472,16;35926,3
2024-09-18;2024-09-24;237707,02;67964,95;169742,07
2024-09-25;2024-10-01;125474,18;72848,09;52626,09
2024-10-02;2024-10-08;214775,64;62169,76;152605,88
2024-10-09;2024-10-15;149980,47;88255,8;61724,66999999999
2024-10-16;2024-10-22;157798,65;167724,18;-9925,529999999992
2024-10-23;2024-10-29;83979,51000000001;191781,92;-107802,41
2024-10-30;2024-11-05;73320,61;69404,09;3916,52
2024-11-06;2024-11-12;141104,96;63761,46;77343,5
2024-11-13;2024-11-19;220148,18;93973,87;126174,31
2024-11-20;2024-11-26;127730,4;155193,03;-27462,630000000005
2024-11-27;2024-12-03;107981,82;112944,81;-4962,989999999999
2024-12-04;2024-12-10;254643,66;347858,32;-93214,66
2024-12-11;2024-12-17;123706,16;190726,3;-67020,14000000001
2024-12-18;2024-12-24;333428,13;151972,15;181455,98
2024-12-25;2024-12-31;134445,75;10322,81;124122,94
2025-01-01;2025-01-07;514064,35;187531,57;326532,78
2025-01-08;2025-01-14;160372,48;111200,08;49172,4
2025-01-15;2025-01-21;53285,65;13852,62;39433,03
2025-01-22;2025-01-28;240273,26;48454,3;191818,96
2025-01-29;2025-02-04;79949,16;44624,47;35324,689999999995
2025-02-05;2025-02-11;66081,01;60830,990000000005;5250,01999999999
2025-02-12;2025-02-18;196498,09;151229,07;45269,02000000001
2025-02-19;2025-02-25;47271,53;81067,35;-33795,81999999999
2025-02-26;2025-03-04;46711,88;171042,55;-124330,67
2025-03-05;2025-03-11;137195,59;33090,93;104104,66
2025-03-12;2025-03-18;161640,55;119415,05;42225,49999999999
2025-03-19;2025-03-25;254306,64;27159,61;227147,03
2025-03-26;2025-04-01;190891,45;59785,54;131105,91
2025-04-02;2025-04-08;83375,96;79217,12;4158,840000000004
2025-04-09;2025-04-15;123949,65;73723,29;50226,36
2025-04-16;2025-04-22;135066,74999999997;94445,24;40621,51
2025-04-23;2025-04-29;135920,77;22684,46;113236,31
2025-04-30;2025-05-06;56573,11;22985,97;33587,14
2025-05-07;2025-05-13;146735,97;264272,45;-117536,48
2025-05-14;2025-05-20;89975,06;335991,53;-246016,47
2025-05-21;2025-05-27;203203,21;249170,54;-45967,33
2025-05-28;2025-06-03;366066,18;216290,96;149775,22
2025-06-04;2025-06-10;430075,71;320451,4;109624,31
2025-06-11;2025-06-17;335388,54000000004;516917,93000000005;-181529,39
2025-06-18;2025-06-24;694752,52;202513,36;492239,16
2025-06-25;2025-07-01;285695,76;243033,82;42661,94000000001
2025-07-02;2025-07-08;479755,43;310007,14;169748,29000000004
2025-07-09;2025-07-15;405056,5;316311,63;88744,87
2025-07-16;2025-07-22;339534,77;298452,29;41082,48000000001
2025-07-23;2025-07-29;275244,85;246650,74;28594,11
2025-07-30;2025-08-05;241267,9;156736,21000000002;84531,69
2025-08-06;2025-08-12;447028,6;192288,62;254739,98000000004
2025-08-13;2025-08-19;221700,56;83003,56;138697,0
2025-08-20;2025-08-26;209450,66;127765,05;81685,61000000002
2025-08-27;2025-09-02;137906,99000000002;75058,13;62848,85999999999
2025-09-03;2025-09-09;114091,2;188021,47;-73930,26999999999
2025-09-10;2025-09-16;186026,83;126384,19;59642,64000000001
2025-09-17;2025-09-23;227471,69;137721,32;89750,37
2025-09-24;2025-09-30;306025,48;233518,17;72507,31
2025-10-01;2025-10-07;198879,79;23560,71;175319,08
2025-10-08;2025-10-14;318997,02;50832,02;268165,0
2025-10-15;2025-10-21;191944,26;79625,28;112318,98
2025-10-22;2025-10-28;235164,23;90516,11;144648,12
2025-10-29;2025-11-04;170859,53;138518,5;32341,029999999977
2025-11-05;2025-11-11;183632,76;175750,31;7882,450000000008
2025-11-12;2025-11-18;334385,17;337247,6;-2862,4300000000003
2025-11-19;2025-11-25;218801,09;298238,48;-79437,39
2025-11-26;2025-12-02;255074,96;262662,01;-7587,049999999988
2025-12-03;2025-12-09;296848,42;407354,86;-110506,44
2025-12-10;2025-12-16;390901,51;201235,83;189665,68
2025-12-17;2025-12-23;292348,29;138500,49;153847,8
2025-12-24;2025-12-30;596588,31;195390,05;401198,26
2025-12-31;2026-01-06;222326,77;245037,27;-22710,499999999985
2026-01-07;2026-01-13;226674,19;64237,60999999999;162436,58000000002
2026-01-14;2026-01-20;269822,1;79286,51;190535,59
2026-01-21;2026-01-27;115530,28;69740,35;45789,93
2026-01-28;2026-02-03;29252,65;33628,84;-4376,190000000003
2026-02-04;2026-02-10;57138,29;39336,86;17801,429999999997
2026-02-11;2026-02-17;50377,48;47124,77;3252,71
2026-02-18;2026-02-24;65508,03;103888,26;-38380,23
2026-02-25;2026-03-03;230555,7;94085,12;136470,58
2026-03-04;2026-03-10;119050,09;114932,17;4117,919999999998
2026-03-11;2026-03-17;90859,6;16343,51;74516,09
2026-03-18;2026-03-24;141308,76;95593,97;45714,79000000001
2026-03-25;2026-03-31;214791,18;28283,94;186507,24
2026-04-01;2026-04-07;50247,41;64343,32;-14095,910000000003
2026-04-08;2026-04-14;110244,4;0,0;110244,4
2026-04-15;2026-04-21;111278,76;121829,24;-10550,480000000003
2026-04-22;2026-04-28;135636,55;131206,4;4430,149999999987
2026-04-29;2026-05-05;181567,0;93459,2;88107,79999999999
2026-05-06;2026-05-12;133745,62;126468,71;7276,909999999996
2026-05-13;2026-05-19;136996,18000000002;145977,94;-8981,759999999995
2026-05-20;2026-05-26;167533,84;325982,97;-158449,13
2026-05-27;2026-06-02;205933,47;331829,05;-125895,58
2026-06-03;2026-06-09;296395,31;81178,54000000001;215216,77
2026-06-10;2026-06-16;382271,95;219781,17;162490,77999999997
2026-06-17;2026-06-23;380382,81;294195,58;86187,22999999998
2026-06-24;2026-06-30;245526,23;374750,41;-129224,18000000002
