periodenbeginn;periodenende;SARIMA_Cash_In_roh;SARIMA_Cash_Out_roh;SARIMA_Cash_In;SARIMA_Cash_Out;SARIMA_Netto_Cashflow;Jahr;KW
2026-07-01;2026-07-07;302243,9524748443;314845,4551041792;302243,9524748443;314845,4551041792;-12601,502629334922;2026;27
2026-07-08;2026-07-14;295399,84642825223;330348,24583421263;295399,84642825223;330348,24583421263;-34948,3994059604;2026;28
2026-07-15;2026-07-21;298047,65089386643;321063,14933907724;298047,65089386643;321063,14933907724;-23015,498445210804;2026;29
2026-07-22;2026-07-28;297748,4677562023;298372,34220814164;297748,4677562023;298372,34220814164;-623,8744519393076;2026;30
2026-07-29;2026-08-04;292999,2058009299;274942,6828281898;292999,2058009299;274942,6828281898;18056,522972740117;2026;31
2026-08-05;2026-08-11;302733,1369234229;273965,5432609471;302733,1369234229;273965,5432609471;28767,593662475818;2026;32
2026-08-12;2026-08-18;288745,65317356953;260570,53015662538;288745,65317356953;260570,53015662538;28175,123016944155;2026;33
2026-08-19;2026-08-25;291858,3113461636;278100,3203178962;291858,3113461636;278100,3203178962;13757,991028267425;2026;34
2026-08-26;2026-09-01;281663,616350564;283350,71292745584;281663,616350564;283350,71292745584;-1687,0965768918395;2026;35
2026-09-02;2026-09-08;284847,6065822318;282095,62741830014;284847,6065822318;282095,62741830014;2751,9791639316827;2026;36
2026-09-09;2026-09-15;291026,209030439;279733,0721885901;291026,209030439;279733,0721885901;11293,1368418489;2026;37
2026-09-16;2026-09-22;292416,0520364342;279650,9252512436;292416,0520364342;279650,9252512436;12765,126785190601;2026;38
2026-09-23;2026-09-29;295862,8028130169;304482,90060550673;295862,8028130169;304482,90060550673;-8620,097792489803;2026;39
2026-09-30;2026-10-06;294402,73669768544;248249,73573756535;294402,73669768544;248249,73573756535;46153,00096012009;2026;40
2026-10-07;2026-10-13;296678,79119414126;285312,7680070389;296678,79119414126;285312,7680070389;11366,023187102342;2026;41
2026-10-14;2026-10-20;290719,23680128856;291712,2830383649;290719,23680128856;291712,2830383649;-993,0462370763416;2026;42
2026-10-21;2026-10-27;287800,92326915305;282576,78862362314;287800,92326915305;282576,78862362314;5224,134645529906;2026;43
2026-10-28;2026-11-03;289019,2421462334;295959,0672236111;289019,2421462334;295959,0672236111;-6939,825077377725;2026;44
2026-11-04;2026-11-10;293429,9346412164;302246,8854264378;293429,9346412164;302246,8854264378;-8816,950785221357;2026;45
2026-11-11;2026-11-17;310165,9543813783;322136,6664146642;310165,9543813783;322136,6664146642;-11970,712033285876;2026;46
2026-11-18;2026-11-24;289708,2935695045;310558,5711619596;289708,2935695045;310558,5711619596;-20850,277592455095;2026;47
2026-11-25;2026-12-01;294256,81894524285;302803,33759707934;294256,81894524285;302803,33759707934;-8546,518651836494;2026;48
2026-12-02;2026-12-08;308225,78929641953;373064,13358344126;308225,78929641953;373064,13358344126;-64838,344287021726;2026;49
2026-12-09;2026-12-15;297037,92630569614;310037,8964388799;297037,92630569614;310037,8964388799;-12999,970133183757;2026;50
2026-12-16;2026-12-22;308316,2988558117;294777,0571354325;308316,2988558117;294777,0571354325;13539,241720379214;2026;51
2026-12-23;2026-12-29;309661,2674276252;274456,0282620259;309661,2674276252;274456,0282620259;35205,23916559928;2026;52
