Datenreihe;order;seasonal_order;MAE;RMSE;WAPE_Prozent;AIC
Cash-Out;(0, 1, 2);(0, 1, 1, 52);129230,33320900278;137101,1927207153;47,636146595124416;1077,6511014985213
Cash-Out;(1, 1, 1);(0, 1, 1, 52);129555,039915537;144111,6076669239;47,755838124882125;1101,6519587388932
Cash-Out;(1, 1, 1);(1, 0, 0, 52);136628,68996354195;154558,71599114768;50,363286564285346;2450,3544680363966
Cash-Out;(1, 1, 1);(1, 0, 1, 52);144682,6753609236;164172,0617882236;53,33210061542745;2429,843736151192
Cash-Out;(0, 1, 1);(0, 1, 1, 52);145548,9793885475;163762,27509047525;53,651432653278796;1101,5143335410746
Cash-Out;(0, 1, 1);(1, 0, 1, 52);145601,18666760888;164218,51953453908;53,67067700200826;2432,260255005497
Cash-Out;(0, 1, 2);(1, 0, 1, 52);146066,58125234675;165123,8515611683;53,84222809309224;2407,0224931279176
Cash-Out;(2, 1, 0);(0, 1, 1, 52);147242,28554570154;165226,4547711192;54,27560948800196;1128,8546196823318
Cash-Out;(1, 1, 0);(1, 0, 1, 52);147322,61288514512;164529,30911900479;54,30521929262223;2464,9323012317627
Cash-Out;(1, 1, 0);(0, 1, 1, 52);147452,55206767915;165948,36581578891;54,35311673120293;1129,558044211448
Cash-Out;(2, 1, 0);(1, 0, 1, 52);149201,57200983903;167626,7268504727;54,99783046282953;2436,7303349347458
Cash-Out;(1, 1, 0);(0, 0, 0, 52);150642,16186329612;163082,42219497147;55,52885245850716;3792,5724097495445
Cash-Out;(0, 1, 1);(1, 0, 0, 52);153403,4616647859;171888,4263478254;56,54670700449924;2487,3465042408234
Cash-Out;(0, 1, 2);(1, 0, 0, 52);154258,8688884114;173186,10229443153;56,86202232475963;2487,5555966011893
Cash-Out;(1, 1, 0);(1, 0, 0, 52);154435,5896701015;171436,1795159106;56,92716412896267;2463,7132347138577
Cash-Out;(2, 1, 0);(1, 0, 0, 52);154470,10002908987;172881,4816743332;56,939885140191215;2435,097484607694
Cash-Out;(2, 1, 0);(0, 0, 0, 52);156901,225187933;170271,0799178461;57,83603259707697;3760,3608663395316
Cash-Out;(0, 1, 1);(0, 0, 0, 52);160604,63558854224;175270,8722914884;59,20116256590568;3754,6259775944154
Cash-Out;(0, 1, 2);(0, 0, 0, 52);162677,32360884873;177912,91096991533;59,96518497403176;3731,7075021645937
Cash-Out;(1, 1, 1);(0, 0, 0, 52);162760,60741349074;178020,66342036054;59,99588457395084;3756,1624948515296
Cash-Out;(1, 0, 0);(1, 0, 1, 52);163229,35004139238;186317,13808744852;60,1686698015645;2496,9501929381768
Cash-Out;(1, 0, 0);(0, 1, 1, 52);166213,77697347748;189603,42540547182;61,26877219477988;1150,8837426792782
Cash-Out;(1, 0, 0);(1, 0, 0, 52);180022,33018296387;204244,630319851;66,35880213295111;2496,841483550602
Cash-Out;(1, 0, 0);(0, 0, 0, 52);191114,12282304396;215082,56514620606;70,44739532222232;3827,9024913373905
