monat,kategorie,bestand_anfang,zugang,abgang,bestand_ende,meldebestand
2023-07-31,Verschleissteile,98000.0,0.0,41988.57,56011.43,38000
2023-08-31,Verschleissteile,56011.43,0.0,50813.01,5198.42,38000
2023-09-30,Verschleissteile,5198.42,85471.36,59772.93,30896.85,38000
2023-10-31,Verschleissteile,30896.85,268469.56,61519.02,237847.39,38000
2023-11-30,Verschleissteile,237847.39,0.0,37023.8,200823.59,38000
2023-12-31,Verschleissteile,200823.59,0.0,38135.72,162687.87,38000
2024-01-31,Verschleissteile,162687.87,0.0,36326.25,126361.62,38000
2024-02-29,Verschleissteile,126361.62,0.0,39429.65,86931.97,38000
2024-03-31,Verschleissteile,86931.97,69011.38,63894.57,92048.78,38000
2024-04-30,Verschleissteile,92048.78,56588.48,57174.13,91463.13,38000
2024-05-31,Verschleissteile,91463.13,0.0,53119.28,38343.85,38000
2024-06-30,Verschleissteile,38343.85,106761.78,53692.67,91412.96,38000
2024-07-31,Verschleissteile,91412.96,0.0,41862.54,49550.42,38000
2024-08-31,Verschleissteile,49550.42,99774.72,58614.83,90710.31,38000
2024-09-30,Verschleissteile,90710.31,0.0,59138.49,31571.82,38000
2024-10-31,Verschleissteile,31571.82,181594.62,61369.1,151797.34,38000
2024-11-30,Verschleissteile,151797.34,0.0,41516.05,110281.29,38000
2024-12-31,Verschleissteile,110281.29,0.0,33797.06,76484.23,38000
2025-01-31,Verschleissteile,76484.23,0.0,27542.83,48941.4,38000
2025-02-28,Verschleissteile,48941.4,73665.35,30710.34,91896.41,38000
2025-03-31,Verschleissteile,91896.41,0.0,52558.74,39337.67,38000
2025-04-30,Verschleissteile,39337.67,0.0,53039.1,0.0,38000
2025-05-31,Verschleissteile,0.0,106836.19,54258.89,52577.3,38000
2025-06-30,Verschleissteile,52577.3,238524.45,52531.66,238570.09,38000
2025-07-31,Verschleissteile,238570.09,0.0,51452.24,187117.85,38000
2025-08-31,Verschleissteile,187117.85,0.0,61959.25,125158.6,38000
2025-09-30,Verschleissteile,125158.6,0.0,57992.85,67165.75,38000
2025-10-31,Verschleissteile,67165.75,81986.9,58602.69,90549.96,38000
2025-11-30,Verschleissteile,90549.96,0.0,36938.15,53611.81,38000
2025-12-31,Verschleissteile,53611.81,74897.07,35314.03,93194.85,38000
2026-01-31,Verschleissteile,93194.85,0.0,32856.78,60338.07,38000
2026-02-28,Verschleissteile,60338.07,68345.47,37819.94,90863.6,38000
2026-03-31,Verschleissteile,90863.6,0.0,51801.55,39062.05,38000
2026-04-30,Verschleissteile,39062.05,111562.62,57393.91,93230.76,38000
2026-05-31,Verschleissteile,93230.76,0.0,57874.7,35356.06,38000
2026-06-30,Verschleissteile,35356.06,57043.86,43410.95,48988.97,38000
2023-07-31,Anbauteile,68000.0,42240.66,42909.26,67331.4,28000
2023-08-31,Anbauteile,67331.4,41697.27,41086.86,67941.81,28000
2023-09-30,Anbauteile,67941.81,0.0,44953.69,22988.12,28000
2023-10-31,Anbauteile,22988.12,127260.37,39291.1,110957.39,28000
2023-11-30,Anbauteile,110957.39,0.0,25633.4,85323.99,28000
2023-12-31,Anbauteile,85323.99,0.0,19442.13,65881.86,28000
2024-01-31,Anbauteile,65881.86,0.0,23422.77,42459.09,28000
2024-02-29,Anbauteile,42459.09,0.0,24706.29,17752.8,28000
2024-03-31,Anbauteile,17752.8,141579.66,41273.31,118059.15,28000
2024-04-30,Anbauteile,118059.15,0.0,44099.52,73959.63,28000
2024-05-31,Anbauteile,73959.63,0.0,43016.86,30942.77,28000
2024-06-30,Anbauteile,30942.77,74160.66,39230.31,65873.12,28000
2024-07-31,Anbauteile,65873.12,0.0,39249.12,26624.0,28000
2024-08-31,Anbauteile,26624.0,120411.02,40037.5,106997.52,28000
2024-09-30,Anbauteile,106997.52,0.0,47582.67,59414.85,28000
2024-10-31,Anbauteile,59414.85,0.0,48457.73,10957.12,28000
2024-11-30,Anbauteile,10957.12,144773.91,32531.77,123199.26,28000
2024-12-31,Anbauteile,123199.26,0.0,19776.3,103422.96,28000
2025-01-31,Anbauteile,103422.96,0.0,25604.49,77818.47,28000
2025-02-28,Anbauteile,77818.47,0.0,26852.97,50965.5,28000
2025-03-31,Anbauteile,50965.5,0.0,43816.52,7148.98,28000
2025-04-30,Anbauteile,7148.98,59732.4,41423.84,25457.54,28000
2025-05-31,Anbauteile,25457.54,100698.33,44740.64,81415.23,28000
2025-06-30,Anbauteile,81415.23,86296.3,36129.51,131582.02,28000
2025-07-31,Anbauteile,131582.02,0.0,30289.46,101292.56,28000
2025-08-31,Anbauteile,101292.56,0.0,41255.6,60036.96,28000
2025-09-30,Anbauteile,60036.96,49872.99,43695.44,66214.51,28000
2025-10-31,Anbauteile,66214.51,0.0,42043.64,24170.87,28000
2025-11-30,Anbauteile,24170.87,112351.58,27677.95,108844.5,28000
2025-12-31,Anbauteile,108844.5,0.0,22854.49,85990.01,28000
2026-01-31,Anbauteile,85990.01,0.0,27004.64,58985.37,28000
2026-02-28,Anbauteile,58985.37,0.0,28301.04,30684.33,28000
2026-03-31,Anbauteile,30684.33,70472.19,34021.86,67134.66,28000
2026-04-30,Anbauteile,67134.66,0.0,35330.06,31804.6,28000
2026-05-31,Anbauteile,31804.6,0.0,42857.1,0.0,28000
2026-06-30,Anbauteile,0.0,77017.77,31467.07,45550.7,28000
2023-07-31,Elektronik-Sensorik,40000.0,0.0,16898.5,23101.5,16000
2023-08-31,Elektronik-Sensorik,23101.5,0.0,23797.83,0.0,16000
2023-09-30,Elektronik-Sensorik,0.0,103340.68,23658.69,79681.99,16000
2023-10-31,Elektronik-Sensorik,79681.99,0.0,19564.07,60117.92,16000
2023-11-30,Elektronik-Sensorik,60117.92,0.0,17791.15,42326.77,16000
2023-12-31,Elektronik-Sensorik,42326.77,0.0,10379.59,31947.18,16000
2024-01-31,Elektronik-Sensorik,31947.18,0.0,10662.75,21284.43,16000
2024-02-29,Elektronik-Sensorik,21284.43,30361.21,11462.95,40182.69,16000
2024-03-31,Elektronik-Sensorik,40182.69,0.0,21769.37,18413.32,16000
2024-04-30,Elektronik-Sensorik,18413.32,0.0,21554.38,0.0,16000
2024-05-31,Elektronik-Sensorik,0.0,100709.54,19631.71,81077.83,16000
2024-06-30,Elektronik-Sensorik,81077.83,0.0,21291.26,59786.57,16000
2024-07-31,Elektronik-Sensorik,59786.57,0.0,18526.22,41260.35,16000
2024-08-31,Elektronik-Sensorik,41260.35,0.0,17288.82,23971.53,16000
2024-09-30,Elektronik-Sensorik,23971.53,36180.4,21829.31,38322.62,16000
2024-10-31,Elektronik-Sensorik,38322.62,0.0,20580.85,17741.77,16000
2024-11-30,Elektronik-Sensorik,17741.77,0.0,18019.25,0.0,16000
2024-12-31,Elektronik-Sensorik,0.0,94446.54,13723.53,80723.01,16000
2025-01-31,Elektronik-Sensorik,80723.01,0.0,10828.79,69894.22,16000
2025-02-28,Elektronik-Sensorik,69894.22,0.0,13486.65,56407.57,16000
2025-03-31,Elektronik-Sensorik,56407.57,0.0,26100.12,30307.45,16000
2025-04-30,Elektronik-Sensorik,30307.45,27034.49,19077.19,38264.75,16000
2025-05-31,Elektronik-Sensorik,38264.75,0.0,18516.52,19748.23,16000
2025-06-30,Elektronik-Sensorik,19748.23,38151.36,20147.53,37752.06,16000
2025-07-31,Elektronik-Sensorik,37752.06,0.0,18986.14,18765.92,16000
2025-08-31,Elektronik-Sensorik,18765.92,44213.71,23923.77,39055.86,16000
2025-09-30,Elektronik-Sensorik,39055.86,0.0,22388.9,16666.96,16000
2025-10-31,Elektronik-Sensorik,16666.96,0.0,24448.68,0.0,16000
2025-11-30,Elektronik-Sensorik,0.0,97749.08,11736.84,86012.24,16000
2025-12-31,Elektronik-Sensorik,86012.24,0.0,13301.43,72710.81,16000
2026-01-31,Elektronik-Sensorik,72710.81,0.0,10374.29,62336.52,16000
2026-02-28,Elektronik-Sensorik,62336.52,0.0,9058.78,53277.74,16000
2026-03-31,Elektronik-Sensorik,53277.74,0.0,20174.49,33103.25,16000
2026-04-30,Elektronik-Sensorik,33103.25,29459.28,23638.3,38924.23,16000
2026-05-31,Elektronik-Sensorik,38924.23,22891.95,23988.47,37827.71,16000
2026-06-30,Elektronik-Sensorik,37827.71,0.0,17493.11,20334.6,16000
2023-07-31,Sonstige,29000.0,0.0,15698.88,13301.12,12000
2023-08-31,Sonstige,13301.12,0.0,19123.47,0.0,12000
2023-09-30,Sonstige,0.0,90043.18,27262.68,62780.5,12000
2023-10-31,Sonstige,62780.5,0.0,20620.74,42159.76,12000
2023-11-30,Sonstige,42159.76,0.0,13067.02,29092.74,12000
2023-12-31,Sonstige,29092.74,0.0,10361.95,18730.79,12000
2024-01-31,Sonstige,18730.79,0.0,11161.12,7569.67,12000
2024-02-29,Sonstige,7569.67,21063.05,12999.75,15632.97,12000
2024-03-31,Sonstige,15632.97,65610.16,18556.77,62686.36,12000
2024-04-30,Sonstige,62686.36,0.0,25547.39,37138.97,12000
2024-05-31,Sonstige,37138.97,0.0,24190.53,12948.44,12000
2024-06-30,Sonstige,12948.44,33675.06,17155.92,29467.58,12000
2024-07-31,Sonstige,29467.58,0.0,15979.69,13487.89,12000
2024-08-31,Sonstige,13487.89,37347.17,22857.91,27977.15,12000
2024-09-30,Sonstige,27977.15,0.0,31347.18,0.0,12000
2024-10-31,Sonstige,0.0,82849.01,23689.44,59159.57,12000
2024-11-30,Sonstige,59159.57,0.0,14229.81,44929.76,12000
2024-12-31,Sonstige,44929.76,0.0,11113.23,33816.53,12000
2025-01-31,Sonstige,33816.53,0.0,11076.25,22740.28,12000
2025-02-28,Sonstige,22740.28,21492.91,16031.74,28201.45,12000
2025-03-31,Sonstige,28201.45,25849.48,24425.5,29625.43,12000
2025-04-30,Sonstige,29625.43,21671.59,22597.63,28699.39,12000
2025-05-31,Sonstige,28699.39,0.0,21424.93,7274.46,12000
2025-06-30,Sonstige,7274.46,22228.3,21915.68,7587.08,12000
2025-07-31,Sonstige,7587.08,85959.21,23381.73,70164.56,12000
2025-08-31,Sonstige,70164.56,0.0,21457.32,48707.24,12000
2025-09-30,Sonstige,48707.24,0.0,19497.12,29210.12,12000
2025-10-31,Sonstige,29210.12,20607.29,22512.86,27304.55,12000
2025-11-30,Sonstige,27304.55,0.0,14374.61,12929.94,12000
2025-12-31,Sonstige,12929.94,0.0,14896.57,0.0,12000
2026-01-31,Sonstige,0.0,71371.31,11062.01,60309.3,12000
2026-02-28,Sonstige,60309.3,0.0,12970.69,47338.61,12000
2026-03-31,Sonstige,47338.61,0.0,20918.0,26420.61,12000
2026-04-30,Sonstige,26420.61,26531.53,25417.19,27534.95,12000
2026-05-31,Sonstige,27534.95,18925.55,19427.08,27033.42,12000
2026-06-30,Sonstige,27033.42,19646.82,18497.67,28182.57,12000
