Modell;Intervall;Bereich;MAE_Euro;RMSE_Euro;MAPE_Prozent;WAPE_Prozent;Beobachtungen;MAPE_Beobachtungen;Hinweis;Datenstichtag;Aktualisiert_am;Backtest_Typ
SARIMA;Taeglich;Cash-In;26999,412598417846;40246,51966138466;182,51038641397406;84,38807826759336;364;363;Aus Wochenprognose mit historischen Wochentagsanteilen abgeleitet;2026-06-30;2026-09-30 22:51:45.641535;Rolling-Origin / Expanding Window / 1-Woche-voraus
SARIMA;Taeglich;Cash-Out;21491,168710991562;30559,168130229176;143,45528403975248;95,00736657997074;364;222;Aus Wochenprognose mit historischen Wochentagsanteilen abgeleitet;2026-06-30;2026-09-30 22:51:45.641535;Rolling-Origin / Expanding Window / 1-Woche-voraus
SARIMA;Taeglich;Netto-Cashflow;34086,467140825494;49471,63597222464;234,41658925779188;109,58303523478314;364;364;Aus Wochenprognose mit historischen Wochentagsanteilen abgeleitet;2026-06-30;2026-09-30 22:51:45.641535;Rolling-Origin / Expanding Window / 1-Woche-voraus
XGBoost;Taeglich;Cash-In;26597,740985281514;37523,34193137875;207,20692022948822;83,13263260174189;364;363;Aus Wochenprognose mit historischen Wochentagsanteilen abgeleitet;2026-06-30;2026-09-30 22:51:45.641535;Rolling-Origin / Expanding Window / 1-Woche-voraus
XGBoost;Taeglich;Cash-Out;22805,93026712402;30646,887867610527;163,89620624932778;100,81961601174983;364;222;Aus Wochenprognose mit historischen Wochentagsanteilen abgeleitet;2026-06-30;2026-09-30 22:51:45.641535;Rolling-Origin / Expanding Window / 1-Woche-voraus
XGBoost;Taeglich;Netto-Cashflow;31122,733598959643;46787,802177223915;182,73354330277613;100,05506286372416;364;364;Aus Wochenprognose mit historischen Wochentagsanteilen abgeleitet;2026-06-30;2026-09-30 22:51:45.641535;Rolling-Origin / Expanding Window / 1-Woche-voraus
SARIMA;Woechentlich;Cash-In;103247,70086644826;144290,51172565654;49,26789531832198;46,10087100390935;52;52;Native Modellprognose;2026-06-30;2026-09-30 22:51:45.641535;Rolling-Origin / Expanding Window / 1-Woche-voraus
SARIMA;Woechentlich;Cash-Out;69082,69283233907;89809,49994999875;76,20458902906609;43,62831748982385;52;51;Native Modellprognose;2026-06-30;2026-09-30 22:51:45.641535;Rolling-Origin / Expanding Window / 1-Woche-voraus
SARIMA;Woechentlich;Netto-Cashflow;127366,86179642039;166920,5158147531;416,7180991549049;132,8322964457938;52;52;Native Modellprognose;2026-06-30;2026-09-30 22:51:45.641535;Rolling-Origin / Expanding Window / 1-Woche-voraus
XGBoost;Woechentlich;Cash-In;77725,85405048078;101643,02666779698;51,36751579514096;34,70517542937673;52;52;Native Modellprognose;2026-06-30;2026-09-30 22:51:45.641535;Rolling-Origin / Expanding Window / 1-Woche-voraus
XGBoost;Woechentlich;Cash-Out;68071,33392728366;90553,0019926659;74,23226549880695;42,98960632213665;52;51;Native Modellprognose;2026-06-30;2026-09-30 22:51:45.641535;Rolling-Origin / Expanding Window / 1-Woche-voraus
XGBoost;Woechentlich;Netto-Cashflow;98536,84982872597;121772,33883005765;371,5939052343311;102,7651609113592;52;52;Native Modellprognose;2026-06-30;2026-09-30 22:51:45.641535;Rolling-Origin / Expanding Window / 1-Woche-voraus
SARIMA;Monatlich;Cash-In;190447,2740054683;248721,06766297395;18,29101788824616;20,81561871758991;11;11;Aus Tagesprognosen aggregiert;2026-06-30;2026-09-30 22:51:45.641535;Rolling-Origin / Expanding Window / 1-Woche-voraus
SARIMA;Monatlich;Cash-Out;138086,17476326533;160514,22961062;23,966854707788123;21,62609113700335;11;11;Aus Tagesprognosen aggregiert;2026-06-30;2026-09-30 22:51:45.641535;Rolling-Origin / Expanding Window / 1-Woche-voraus
SARIMA;Monatlich;Netto-Cashflow;194810,69013647595;257970,66996466077;71,36822392946132;58,507818448200425;11;11;Aus Tagesprognosen aggregiert;2026-06-30;2026-09-30 22:51:45.641535;Rolling-Origin / Expanding Window / 1-Woche-voraus
XGBoost;Monatlich;Cash-In;171137,3876886181;216341,70353976553;21,806741453686065;18,70507534987534;11;11;Aus Tagesprognosen aggregiert;2026-06-30;2026-09-30 22:51:45.641535;Rolling-Origin / Expanding Window / 1-Woche-voraus
XGBoost;Monatlich;Cash-Out;143987,44312896958;171467,60845911107;26,223151487015656;22,550306524383217;11;11;Aus Tagesprognosen aggregiert;2026-06-30;2026-09-30 22:51:45.641535;Rolling-Origin / Expanding Window / 1-Woche-voraus
XGBoost;Monatlich;Netto-Cashflow;172568,17890335585;199584,7947620079;103,1538655774016;51,82768807061298;11;11;Aus Tagesprognosen aggregiert;2026-06-30;2026-09-30 22:51:45.641535;Rolling-Origin / Expanding Window / 1-Woche-voraus
