Datum;Cash_In;Cash_Out;Netto_Cashflow
2026-07-01;57347,15613791104;47354,81864997423;9992,337487936813
2026-07-02;61234,480441985754;46506,2773329922;14728,203108993555
2026-07-03;64645,090279639706;40147,79104595907;24497,299233680635
2026-07-04;55092,786793363215;45031,87870742247;10060,908085940748
2026-07-05;66845,57238741666;38406,325329796484;28439,247057620174
2026-07-06;54561,24257078681;44255,09281496569;10306,14975582112
2026-07-07;66784,95120251708;44895,38006848019;21889,571134036894
2026-07-08;47423,06308860524;52135,13399827188;-4712,07090966664
2026-07-09;50637,67455555703;51200,935187567484;-563,2606320104533
2026-07-10;53458,06838838664;44200,580333482816;9257,48805490382
2026-07-11;45558,81895077198;49577,700802929256;-4018,8818521572757
2026-07-12;55277,750633335265;42283,3193016832;12994,431331652064
2026-07-13;45119,2600101158;48722,500894118646;-3603,240884002844
2026-07-14;55227,620121735265;49427,42306911639;5800,197052618874
2026-07-15;39751,93292413545;43710,02046889181;-3958,0875447563594
2026-07-16;42446,550502351914;42926,78954559051;-480,2390432385946
2026-07-17;44810,718887106195;37057,702223945;7753,016663161194
2026-07-18;38189,24795410519;41565,872199896185;-3376,6242457909975
2026-07-19;46336,05027300351;35450,27336518447;10885,77690781904
2026-07-20;37820,79184040959;40848,873840970984;-3028,082000561393
2026-07-21;46294,028847039255;41439,879566575306;4854,149280463949
2026-07-22;32225,020179564293;32507,84358416369;-282,8234045993959
2026-07-23;34409,419765867504;31925,342178952058;2484,077586915446
2026-07-24;36325,93975124759;27560,407763750045;8765,531987497547
2026-07-25;30958,225058189142;30913,206111976477;45,01894621266547
2026-07-26;37562,454080874566;26364,937129037182;11197,516951837384
2026-07-27;30659,53503670555;30379,96292764462;279,5721090609295
2026-07-28;37528,38928955344;30819,50336892544;6708,885920627996
2026-07-29;28247,07872347512;24715,299789790304;3531,7789336848145
2026-07-30;30161,830265414028;24272,43138418517;5889,398881228859
2026-07-31;31841,769970664413;20953,82729544625;10887,94267521816
2026-08-01;27136,660131939516;23502,91721267159;3633,7429192679265
2026-08-02;32925,64571122416;20044,926185155047;12880,719526069115
2026-08-03;26874,841194239863;23097,4992055527;3777,3419886871634
2026-08-04;32895,78596755962;23431,67620956918;9464,109757990438
2026-08-05;52337,05791713224;18880,510278005684;33456,547639126555
2026-08-06;55884,76857876933;18542,194273144363;37342,57430562497
2026-08-07;58997,41263345912;16007,04644410812;42990,366189351
2026-08-08;50279,640132221226;17954,347055109203;32325,293077112023
2026-08-09;61005,651006141066;15312,718764472496;45692,93224166857
2026-08-10;49794,53393627322;17644,6401563299;32149,89377994332
2026-08-11;60950,32595292544;17899,924632450748;43050,401320474695
2026-08-12;25956,18054187283;16047,208156060637;9908,972385812192
2026-08-13;27715,641660027046;15759,661512850424;11955,980147176622
2026-08-14;29259,334681022563;13604,950420835014;15654,38426018755
2026-08-15;24935,819260584045;15260,029536125705;9675,78972445834
2026-08-16;30255,305793020936;13014,816963657906;17240,48882936303
2026-08-17;24695,234395765234;14996,79877599794;9698,435619767293
2026-08-18;30227,867738095738;15213,774009558994;15014,093728536744
2026-08-19;24521,99103860821;19494,89374544594;5027,097293162267
2026-08-20;26184,234437730604;19145,568728799626;7038,665708930977
2026-08-21;27642,631845860313;16527,925623378225;11114,706222482087
2026-08-22;23558,00906308058;18538,592599160726;5019,416463919853
2026-08-23;28583,571312810658;15811,00409214256;12772,567220668097
2026-08-24;23330,717536517404;18218,807646580943;5111,909889936462
2026-08-25;28557,64932725862;18482,399237250782;10075,250090007838
2026-08-26;16145,826291220244;22406,410410556102;-6260,584119335857
2026-08-27;17240,28445058025;22004,91452184524;-4764,63007126499
2026-08-28;18200,525859124726;18996,33255703531;-795,8066979105861
2026-08-29;15511,119040074467;21307,287930611463;-5796,168890536996
2026-08-30;18820,06140825752;18172,340476299654;647,7209319578651
2026-08-31;15361,46522527707;20939,743845263645;-5578,278619986575
2026-09-01;18802,99379432732;21242,702221874413;-2439,7084275470916
2026-09-02;13357,529567985397;19623,125493259013;-6265,595925273616
2026-09-03;14262,980732942113;19271,50271813172;-5008,521985189607
2026-09-04;15057,393652769668;16636,641516785203;-1579,247864015535
2026-09-05;12832,432820301157;18660,534075837928;-5828,101255536771
2026-09-06;15569,938769179065;15915,004283981962;-345,06551480289636
2026-09-07;12708,623408502575;18338,64567073724;-5630,022262234666
2026-09-08;15555,818639703155;18603,97109031745;-3048,152450614294
2026-09-09;21779,584071020316;18974,000613376524;2805,583457643792
2026-09-10;23255,931150696095;18634,009374303307;4621,921776392788
2026-09-11;24551,229273483514;16086,308292348504;8464,92098113501
2026-09-12;20923,40863053929;18043,251322145992;2880,1573083932963
2026-09-13;25386,93915503109;15388,542520909716;9998,396634121375
2026-09-14;20721,536160085347;17732,01085242993;2989,525307655418
2026-09-15;25363,916144267834;17988,559416805598;7375,356727462236
2026-09-16;26631,850879424608;19765,95479612319;6865,896083301417
2026-09-17;28437,112869001132;19411,772691909413;9025,340177091719
2026-09-18;30020,990060502387;16757,733333206594;13263,256727295793
2026-09-19;25584,92837699464;18796,35704012773;6788,571336866913
2026-09-20;31042,887488445052;16030,8435761346;15012,043912310452
2026-09-21;25338,080801198004;18472,125731165146;6865,955070032858
2026-09-22;31014,73518822467;18739,38235404545;12275,352834179219
2026-09-23;35828,744001789135;29499,52587046242;6329,218131326714
2026-09-24;38257,42498132514;28970,92989552078;9286,495085804356
2026-09-25;40388,269385700136;25009,932132911545;15378,337252788591
2026-09-26;34420,28318924173;28052,45820376208;6367,824985479652
2026-09-27;41763,0631057315;23925,091890439413;17837,971215292084
2026-09-28;34088,19066436533;27568,56203049796;6519,628633867367
2026-09-29;41725,188848991915;27967,426833237278;13757,762015754637
2026-09-30;23284,378421821555;5140,97057249763;18143,407849323925
2026-10-01;24862,729228385488;5048,850571523762;19813,878656861725
2026-10-02;26247,522049116542;4358,555648658825;21888,966400457717
2026-10-03;22369,04813421721;4888,785763711662;17480,26237050555
2026-10-04;27140,972772020905;4169,49729609748;22971,475475923424
2026-10-05;22153,227897261815;4804,455730821678;17348,772166440136
2026-10-06;27116,359056108184;4873,967092539566;22242,391963568618
2026-10-07;37347,421420313134;29028,343767121223;8319,077653191911
2026-10-08;39879,04720193977;28508,190807988867;11370,856393950904
2026-10-09;42100,2119725311;24610,460206530333;17489,751766000765
2026-10-10;35879,260004507494;27604,389434169596;8274,870570337898
2026-10-11;43533,27924459196;23542,94760889839;19990,331635693572
2026-10-12;35533,09103256487;27128,222307728756;8404,868724836117
2026-10-13;43493,79960703158;27520,71622988075;15973,08337715083
2026-10-14;22472,382868749537;27229,043265449352;-4756,6603966998155
2026-10-15;23995,69188665587;26741,131604264316;-2745,439717608446
2026-10-16;25332,192861584168;23084,998962470625;2247,193899113543
2026-10-17;21588,97287163619;25893,351692722426;-4304,378821086237
2026-10-18;26194,486299516415;22083,655346709278;4110,830952807137
2026-10-19;21380,678928468675;25446,69943479624;-4066,0205063275644
2026-10-20;26170,73093711022;25814,8649103549;355,8660267553205
2026-10-21;27532,475384232257;18044,590090701055;9487,885293531202
2026-10-22;29398,78694910009;17721,252768830167;11677,534180269922
2026-10-23;31036,22701979177;15298,346675683952;15737,88034410782
2026-10-24;26450,14850586943;17159,432037863997;9290,716468005434
2026-10-25;32092,682536437016;14634,759824313333;17457,922712123684
2026-10-26;26194,953144681484;16863,43717573122;9331,515968950265
2026-10-27;32063,578193808466;17107,419126446093;14956,159067362372
2026-10-28;20003,83223199588;29819,380652993415;-9815,548420997537
2026-10-29;21359,808507838865;29285,05326557572;-7925,244757736855
2026-10-30;22549,497266548246;25281,10755581884;-2731,610289270593
2026-10-31;19217,463226201762;28356,622852293203;-9139,159626091441
2026-11-01;23317,069329016733;24184,50470599632;-867,4353769795889
2026-11-02;19032,04999617629;27867,47993350692;-8835,429937330628
2026-11-03;23295,92345023035;28270,66951133922;-4974,746061108868
2026-11-04;21499,291981772185;31515,376023489116;-10016,084041716931
2026-11-05;22956,639230869547;30950,65844165608;-7994,019210786533
2026-11-06;24235,267530401787;26718,985889866948;-2483,7183594651615
2026-11-07;20654,135080588912;29969,4229852012;-9315,287904612287
2026-11-08;25060,222253910513;25560,013087488605;-499,79083357809213
2026-11-09;20454,860605409845;29452,459766073127;-8997,599160663282
2026-11-10;25037,49553750102;29878,58099581977;-4841,08545831875
2026-11-11;39149,02985831357;31177,779968927152;7971,249889386414
2026-11-12;41802,77915467253;30619,111701797723;11183,667452874804
2026-11-13;44131,091059944214;26432,769275742055;17698,32178420216
2026-11-14;37610,04556118248;29648,387343749175;7961,658217433305
2026-11-15;45633,28830112694;25286,211513093396;20347,07678803354
2026-11-16;37247,1776869567;29136,961889520408;8110,215797436289
2026-11-17;45591,90419880157;29558,518463404456;16033,38573539711
2026-11-18;25616,717408375356;22706,034067585395;2910,683340789961
2026-11-19;27353,167737886302;22299,16928380149;5053,998454084813
2026-11-20;28876,671853614345;19250,355871193748;9626,315982420598
2026-11-21;24609,700734444614;21592,213869847947;3017,486864596667
2026-11-22;29859,61734059803;18415,345179441443;11444,272161156587
2026-11-23;24372,262314533276;21219,754900725642;3152,5074138076343
2026-11-24;29832,538129227916;21526,764506206386;8305,77362302153
2026-11-25;29863,576860026827;21886,84752645487;7976,729333571959
2026-11-26;31887,90406215362;21494,661578875635;10393,242483277983
2026-11-27;33663,98182931267;18555,84302078949;15108,138808523177
2026-11-28;28689,612243021416;20813,211647674663;7876,400595346753
2026-11-29;34809,884625201594;17750,957780199093;17058,9268450025
2026-11-30;28412,81016922303;20454,190224436425;7958,619944786606
2026-12-01;34778,316095277616;20750,12356111307;14028,192534164547
2026-12-02;34754,315384181675;50855,28516488415;-16100,969780702479
2026-12-03;37110,16533320982;49944,01970384894;-12833,854370639121
2026-12-04;39177,11019905746;43115,514336016626;-3938,404136959165
2026-12-05;33388,09134676945;48360,63358417466;-14972,542237405214
2026-12-06;40510,67674919319;41245,31953588584;-734,6427866926533
2026-12-07;33065,95757770103;47526,42770610042;-14460,470128399385
2026-12-08;40473,938261692674;48214,04497068343;-7740,106708990759
2026-12-09;45765,83012533079;28631,00727310521;17134,822852225578
2026-12-10;48868,10468824922;28117,974105401252;20750,13058284797
2026-12-11;51589,93783510104;24273,59517375299;27316,342661348048
2026-12-12;43966,733336394755;27226,543856577646;16740,18947981711
2026-12-13;53346,02997847019;23220,69456074765;30125,335417722545
2026-12-14;43542,53509828106;26756,894448753603;16785,64064952746
2026-12-15;53297,65131356415;27144,015961091183;26153,635352472967
2026-12-16;34227,45073962733;24355,927718879604;9871,523020747729
2026-12-17;36547,58673393368;23919,498827964435;12628,087905969242
2026-12-18;38583,1973565364;20649,148801852567;17934,048554683835
2026-12-19;32881,93823498149;23161,173754044816;9720,764480936676
2026-12-20;39896,54745128638;19753,463540733188;20143,083910553192
2026-12-21;32564,68791396444;22761,650715226617;9803,037198737824
2026-12-22;39860,36590786444;23090,968628598614;16769,397279265828
2026-12-23;69847,15728066179;11184,037787106245;58663,11949355555
2026-12-24;74581,80447772045;10983,633299799585;63598,17117792086
2026-12-25;78735,82741097109;9481,915989284364;69253,91142168673
2026-12-26;67101,40141791831;10635,41678431646;56465,98463360185
2026-12-27;81415,95019693035;9070,624827587073;72345,32536934328
2026-12-28;66453,99611630864;10451,959154841781;56002,03696146686
2026-12-29;81342,11536846844;10603,179179372748;70738,9361890957
