Modell;Monat;Ist_Cash_In;Prognose_Cash_In;Ist_Cash_Out;Prognose_Cash_Out;Ist_Netto_Cashflow;Prognose_Netto_Cashflow;Anzahl_Tage;Monat_vollstaendig
SARIMA;2025-08-01;1167095,6300000001;977594,5476511497;594225,41;555678,5470014459;572870,22;421916,0006497037;31;True
SARIMA;2025-09-01;841698,03;716000,4656589978;687502,87;459717,9504932297;154195,16;256282,51516576798;30;True
SARIMA;2025-10-01;989808,94;734084,1800084664;316518,55;468773,93976095534;673290,39;265310,240247511;31;True
SARIMA;2025-11-01;1010050,28;700320,947393732;1101298,43;794351,3775473633;-91248,15000000002;-94030,43015363118;30;True
SARIMA;2025-12-01;1693209,46;1069911,8779884847;1026737,54;939298,2993868812;666471,92;130613,57860160345;31;True
SARIMA;2026-01-01;842155,89;1019763,7302216127;446808,31;514548,1756113345;395347,58;505215,5546102782;31;True
SARIMA;2026-02-01;349371,07;327530,3144709019;282505,26;256030,13701947816;66865,80999999998;71500,17745142375;28;True
SARIMA;2026-03-01;633024,8200000001;733970,8228759686;257083,34;344347,17093167256;375941,48;389623,65194429614;31;True
SARIMA;2026-04-01;437712,87;470247,9813965835;372156,37;212980,86607827633;65556,49999999997;257267,11531830713;30;True
SARIMA;2026-05-01;637989,78;732487,824118778;857804,67;671503,8285482111;-219814,88999999998;60983,99557056691;31;True
SARIMA;2026-06-01;1462056,88;1625598,8186189407;1081041,49;902022,1978331584;381015,3899999999;723576,6207857823;30;True
XGBoost;2025-08-01;1167095,6300000001;1374096,0020676523;594225,41;863233,1020879864;572870,22;510862,89997966576;31;True
XGBoost;2025-09-01;841698,03;830345,2278274975;687502,87;546670,0406898181;154195,16;283675,1871376794;30;True
XGBoost;2025-10-01;989808,94;814073,813011984;316518,55;484441,2195217968;673290,39;329632,5934901872;31;True
XGBoost;2025-11-01;1010050,28;916824,0542129595;1101298,43;770342,469565568;-91248,15000000002;146481,58464739143;30;True
XGBoost;2025-12-01;1693209,46;1244400,9640170278;1026737,54;925054,3133773083;666471,92;319346,65063971933;31;True
XGBoost;2026-01-01;842155,89;1220626,0633248203;446808,31;679381,4948479376;395347,58;541244,5684768825;31;True
XGBoost;2026-02-01;349371,07;523220,14335008484;282505,26;329628,6185067834;66865,80999999998;193591,5248433014;28;True
XGBoost;2026-03-01;633024,8200000001;674082,5011456239;257083,34;356830,54043060576;375941,48;317251,96071501815;31;True
XGBoost;2026-04-01;437712,87;649661,9938944635;372156,37;358607,09120692464;65556,49999999997;291054,9026875389;30;True
XGBoost;2026-05-01;637989,78;729007,2354835799;857804,67;781995,6576507647;-219814,88999999998;-52988,42216718479;31;True
XGBoost;2026-06-01;1462056,88;1412012,1456219566;1081041,49;976384,0284860607;381015,3899999999;435628,117135896;30;True
